ALM	MODELO	LLAVE	LLAVE1	DESCRI	CVEPROD	CVEUNID	UNIDAD	EXI	EXIACT	COSUNI	COSPRO	COSACT	MINIMO	MAXIMO	ANAQUEL	TIPCOS	SDOANT	SALDO	BACKLOG	SURTREB	SURTANT	BACKORD	RECIBO	ESTANTE	LINEA	MESRESP	MIN_SURT	PVP	CAS	ONU	IN	TX	CO	IR	PS	MA
01	00000	1	0		25101611	H87	H87	0.000	0.000	0.00	1.28	0.00	0.500	5.000	01	4	0.00	0.00	-1863.700	0.000	0.000	1.400	0.000	1	1	1.000	0	0.00								
50	E0010	0	0	00.010 ML. ENVASE PERFUMERIA	12352000	KGM	KGS.	0.000	0.000	0.00	0.11	0.00	100.000	500.000	50	4	0.00	0.00	0.000	0.000	0.000	0.000	0.000	1	50	1.000	0	0.00								
50	E0020	0	0	00.030 ML. ENVASE PERFUMERIA	12352000	KGM	KGS.	0.000	0.000	0.00	0.00	0.00	100.000	200.000	50	4	0.00	0.00	0.000	0.000	0.000	0.000	0.000	1	50	1.000	0	0.00								
50	E0050	0	0	00.060 ML. ENVASE PERFUMERIA	12352000	KGM	KGS.	0.000	0.000	0.00	0.61	0.00	100.000	200.000	50	4	0.00	0.00	0.000	0.000	0.000	0.000	0.000	1	50	1.000	0	0.00								
50	E0100	0	0	00.100 ML. ENVASE PRODUCCION	12352000	KGM	KGS.	0.000	0.000	0.00	0.00	0.00	20.000	100.000	50	4	0.00	0.00	0.000	0.000	0.000	0.000	0.000	1	50	1.000	0	0.00								
50	E0150	0	0	00.120 ML. ENVASE PERFUMERIA	12352000	KGM	KGS.	0.000	0.000	0.00	0.07	0.00	50.000	100.000	50	4	0.00	0.00	0.000	0.000	0.000	0.000	0.000	1	50	1.000	0	0.00								
50	E0200	0	0	00.125 ML. ENVASE PRODUCCION	12352000	KGM	KGS.	0.000	0.000	0.00	0.10	0.00	50.000	200.000	50	4	0.00	0.00	0.000	0.000	0.000	0.000	0.000	1	50	1.000	0	0.00								
50	E0250	0	0	00.250 ML. ENVASE PRODUCCION	12352000	KGM	KGS.	0.000	0.000	0.00	0.14	0.00	50.000	200.000	50	4	0.00	0.00	0.000	0.000	0.000	0.000	0.000	1	50	1.000	0	0.00								
50	E0350	0	0	 2.000 ML. ENVASE PRODUCCION	12352000	KGM	KGS.	0.000	0.000	0.00	0.43	0.00	50.000	200.000	50	4	0.00	0.00	0.000	0.000	0.000	0.000	0.000	1	50	1.000	0	0.00								
50	E0400	0	0	20.000 ML. ENVASE PRODUCCION	12352000	KGM	KGS.	40.000	100.000	0.00	4.14	0.00	50.000	200.000	50	4	136.00	368.20	0.000	0.000	0.000	0.000	0.000	1	50	1.000	0	0.00								
50	E0500	0	0	 4.000 ML. ENVASE PRODUCCION	12352000	KGM	KGS.	0.000	204.000	0.00	1.06	0.00	50.000	100.000	50	4	0.00	196.74	0.000	0.000	0.000	0.000	0.000	1	50	1.000	0	0.00								
50	E0550	0	0	 5.000 ML. ENVASE PRODUCCION	12352000	KGM	KGS.	0.000	138.000	0.00	1.76	0.00	50.000	100.000	50	4	0.00	201.84	0.000	0.000	0.000	0.000	0.000	1	50	1.000	0	0.00								
50	E0600	0	0	50.000 ML. ENVASE PRODUCCION	12352000	KGM	KGS.	8.000	40.000	0.00	11.52	0.00	5.000	10.000	50	4	79.20	435.68	0.000	0.000	0.000	0.000	0.000	1	50	1.000	0	0.00								
50	E0650	0	0	 6.000 ML. ENVASE PRODUCCION	12352000	KGM	KGS.	0.000	0.000	0.00	1.28	0.00	50.000	150.000	50	4	0.00	0.00	0.000	0.000	0.000	0.000	0.000	1	50	1.000	0	0.00								
22	A9050	0	0	ACETATO DE FENIL ETIL FENILO AL 10%	12352000	KGM	KGS.	0.000	0.000	0.00	0.00	0.00	1.200	1.500	22	4	0.00	0.00	0.000	0.000	0.000	0.000	0.000	1	22	1.000	0	0.00								
22	A9100	0	0	HINOJO DULCE AC.ESC. AL 10%	12352000	KGM	KGS.	0.000	0.000	0.00	0.00	0.00	1.000	2.000	22	4	0.00	0.00	0.000	0.000	0.000	0.000	0.000	1	22	1.000	0	0.00								
42	B9700	0	0	FRESA CONCENTRADO BASE	12352000	KGM	KGS.	0.000	0.000	0.00	0.00	0.00	1.000	2.000	42	4	0.00	0.00	0.000	0.000	0.000	0.000	0.000	1	42	1.000	0	0.00								
01	L3000	0	0	LAVANDIN ABSOLUTO	12352000	KGM	KGS.	0.000	0.000	0.00	425.00	0.00	0.000	0.000	01	4	0.00	0.00	0.000	0.000	0.000	0.000	0.000	1	01	1.000	0	0.00								
01	A1500	0	0	AGUA	12352000	KGM	KGS.	0.000	0.000	0.00	0.37	0.00	0.000	0.000	01	4	0.00	0.00	0.000	0.000	0.000	0.000	0.000	1	01	1.000	0	0.00								
01	A1600	0	0	ACEITE FUSEL	12352000	KGM	KGS.	0.000	0.000	0.00	8.70	0.00	5.000	10.000	01	4	0.00	0.00	-37.200	0.000	0.000	0.000	0.000	1	01	1.000	0	0.00	8013-75-0	1201	S		S	S		
01	A0500	0	0	ACETALDEHIDO 50%	12352000	KGM	KGM	0.000	0.000	0.00	25.00	0.00	25.000	50.000	01	4	0.00	0.00	-51838.740	0.000	0.000	0.000	0.000	1	F1	1.000	0	0.00	75 07 0	1993				F	F	
01	A0550	0	0	ACETANISOL	12352000	KGM	KGS.	0.000	0.000	0.00	28.20	0.00	2.500	5.000	01	4	0.00	0.00	0.000	0.000	0.000	0.000	0.000	1	01	1.000	0	0.00								
22	F2001	0	0	FENIL ETILO ACETATO  AL 10%	12352000	KGM	KGS.	0.000	0.000	0.00	7.38	3.69	1.500	2.000	22	4	0.00	0.00	0.000	0.000	0.000	0.000	0.000	1	22	1.000	0	0.00								
22	P1702	0	0	PARACRESILO ACETATO  AL 10%	12352000	KGM	KGS.	0.000	0.000	0.00	7.22	3.61	1.500	2.000	22	4	0.00	0.00	0.000	0.000	0.000	0.000	0.000	1	22	1.000	0	0.00								
01	A0551	0	0	ACETATO P.A.	12352000	KGM	KGS.	0.000	0.000	0.00	12.70	0.00	5.000	20.000	01	4	0.00	0.00	0.000	0.000	0.000	0.000	0.000	1	01	1.000	0	0.00								
22	A0552	0	0	ACETATO P.A.  AL 10%	12352000	KGM	KGS.	0.000	0.000	0.00	9.92	4.96	1.500	2.500	22	4	0.00	0.00	0.000	0.000	0.000	0.000	0.000	1	22	1.000	0	0.00								
01	A0600	0	0	ACIDO ACETICO GLACIAL	12352000	KGM	KGS.	0.000	0.000	0.00	1.95	0.00	500.000	1000.000	01	4	0.00	0.00	-1525.000	0.000	0.000	0.000	0.000	1	01	1.000	0	0.00	64-19-7	2789	S		S			
01	A0601	0	0	ACETIL EUGENOL	12352000	KGM	KGS.	0.000	0.000	0.00	45.00	0.00	2.000	3.000	01	4	0.00	0.00	0.000	0.000	0.000	0.000	0.000	1	01	1.000	0	0.00								
01	A0700	0	0	ACETO ACETATO DE ETILO	12352000	KGM	KGS.	0.000	0.000	0.00	4.45	0.00	20.000	30.000	01	4	0.00	0.00	-110.000	0.000	0.000	0.000	0.000	1	01	1.000	0	0.00	141-97-9	-				S		
01	A0800	0	0	ACETOFENONA	12352000	KGM	KGS.	18.000	17.980	0.00	4.11	0.00	1.000	1.000	01	4	73.98	73.90	-49.000	0.000	0.000	0.000	0.000	1	01	1.000	0	0.00	98-86-2	1993			S	S		
01	A0650	0	0	ACETOIN	12352000	KGM	KGS.	7.815	0.000	0.00	4.95	0.00	25.000	50.000	01	4	43.76	-811.47	-317.000	0.000	0.000	-50.000	0.000	1	01	1.000	0	0.00	513-86-0	2621	S			S		
01	A0801	0	0	ACIDO BUTIRICO	12352000	KGM	KGS.	159.600	60.000	0.00	3.45	0.00	5.000	25.000	01	4	550.62	552.01	-29619.000	0.000	0.000	0.000	0.000	1	01	1.000	0	0.00	107-92-6	2820			S	S		
01	A0900	0	0	ACIDO CAPRILICO	12352000	KGM	KGS.	0.000	0.000	0.00	6.50	0.00	20.000	50.000	01	4	0.00	0.00	-5701.000	0.000	0.000	0.000	0.000	1	01	1.000	0	0.00	124-07-2	-			S			
01	A0910	0	0	ACIDO LACTICO	12352000	KGM	KGS.	0.000	0.000	0.00	9.50	0.00	50.000	100.000	01	4	0.00	179.50	-1790.500	0.000	0.000	50.000	0.000	1	01	1.000	0	0.00	598-82-3	3265			S			
01	A1050	0	0	ADOXAL	12352000	KGM	KGS.	0.000	0.000	0.00	130.50	0.00	1.000	5.000	01	4	0.00	0.00	0.000	0.000	0.000	0.000	0.000	1	01	1.000	0	0.00								
01	A1100	0	0	ALDEHIDO AGRUMEN	12352000	KGM	KGS.	0.000	0.000	0.00	30.00	0.00	1.000	3.000	01	4	0.00	0.00	0.000	0.000	0.000	0.000	0.000	1	01	1.000	0	0.00								
01	A1005	0	0	AGUARRAS RECTIFICADO	12352000	KGM	KGS.	0.000	0.000	0.00	1.45	0.00	0.000	0.000	01	4	0.00	0.00	0.000	0.000	0.000	0.000	0.000	1	01	1.000	0	0.00								
01	A1700	0	0	AJENJO AC. ESC.	12352000	KGM	KGS.	0.000	0.000	0.00	128.70	0.00	0.000	0.000	01	4	0.00	0.00	0.000	0.000	0.000	0.000	0.000	1	01	1.000	0	0.00								
01	A3000	0	0	ALCANFOR SINTETICO	12352000	KGM	KGS.	0.000	0.000	0.00	5.70	0.00	25.000	50.000	01	4	0.00	0.00	-515.400	0.000	0.000	0.000	0.000	1	01	1.000	0	0.00	76 22 2	2717						
01	A3100	0	0	ALCARAVEA AC. ESC.	12352000	KGM	KGS.	1.090	1.090	0.00	79.90	0.00	1.000	2.000	01	4	87.09	87.09	0.000	0.000	0.000	0.000	0.000	30	.6	1.000	0	0.00								
01	A4210	0	0	ALCOHOL  C 10	12352000	KGM	KGS.	0.110	0.000	0.00	9.90	0.00	3.000	10.000	01	4	1.09	0.00	0.000	0.000	0.000	0.000	0.000	1	01	1.000	0	0.00								
01	A4300	0	0	ALCOHOL  C 11	12352000	KGM	KGS.	0.000	0.000	0.00	99.30	0.00	0.000	0.000	01	4	0.00	0.00	0.000	0.000	0.000	0.000	0.000	1	01	1.000	0	0.00								
01	A4400	0	0	ALCOHOL C 12	12352000	KGM	KGS.	0.000	0.000	0.00	12.00	0.00	70.000	170.000	01	4	0.00	-4225.00	-713.900	0.000	0.000	0.000	0.000	1	01	1.000	0	0.00								
01	A4100	0	0	ALCOHOL  C 8	12352000	LTR	LTS.	8.770	0.000	0.00	10.70	0.00	10.000	25.000	01	4	93.84	107.00	-100.000	0.000	0.000	0.000	0.000	1	01	1.000	0	0.00								
01	A4200	0	0	ALCOHOL  C 9	12352000	KGM	KGS.	0.000	0.000	0.00	28.75	0.00	2.000	10.000	01	4	0.00	0.00	0.000	0.000	0.000	0.000	0.000	1	01	1.000	0	0.00								
01	A4250	0	0	ALCOHOL DE LAS HOJAS	12352000	KGM	KGS.	0.260	0.260	0.00	64.51	64.51	10.000	25.000	01	4	16.77	16.77	-60.000	0.000	0.000	0.000	0.000	1	01	1.000	0	0.00	928-96-1	1987	S					
01	A4350	0	0	MEZCLA AL CET	12352000	KGM	KGS.	0.000	90.000	0.00	1.42	0.00	200.000	400.000	01	4	0.00	-3482.57	-3581.000	0.000	0.000	0.000	0.000	1	01	1.000	0	0.00	64 17 5	1170						
03	A5351	0	0	ALDEHIDO  C 14 AL 10% DPG	12352000	KGM	KGS.	0.000	0.000	0.00	6.36	3.18	2.000	3.000	03	4	0.00	0.00	0.000	0.000	0.000	0.000	0.000	1	03	1.000	0	0.00								
03	A4501	0	0	ALDEHIDO AA AL 10%	12352000	KGM	KGS.	0.000	0.000	0.00	6.18	3.09	5.000	10.000	03	4	0.00	0.00	0.000	0.000	0.000	0.000	0.000	1	03	1.000	0	0.00								
01	A4509	0	0	ALDEHIDO  C 06	12352000	KGM	KGS.	0.000	0.000	0.00	23.00	0.00	10.000	25.000	01	4	0.00	0.00	-12.900	0.000	0.000	0.000	0.000	1	01	1.000	0	0.00								
01	A4590	0	0	ALDEHIDO C 08	12352000	KGM	KGS.	6.280	0.000	0.00	6.21	7.53	10.000	15.000	01	4	47.48	-1193.82	-56.000	0.000	0.000	0.000	0.000	1	01	1.000	0	0.00	124-13-0	1191						
01	A4510	0	0	ALDEHIDO C 09	12352000	KGM	KGS.	0.120	0.120	0.00	14.92	0.00	10.000	20.000	01	4	1.79	1.79	-16.000	0.000	0.000	0.000	0.000	1	01	1.000	0	0.00								
03	A4511	0	0	ALDEHIDO C 09 AL 1%	12352000	KGM	KGS.	0.000	0.000	0.00	8.42	4.21	3.000	5.000	03	4	0.00	0.00	0.000	0.000	0.000	0.000	0.000	1	03	1.000	0	0.00								
03	A4520	0	0	ALDEHIDO C 09 AL 10%	12352000	KGM	KGS.	0.000	0.000	0.00	7.32	3.66	3.000	5.000	03	4	0.00	0.00	0.000	0.000	0.000	0.000	0.000	1	03	1.000	0	0.00								
01	A4600	0	0	ALDEHIDO C 10	12352000	KGM	KGS.	0.000	0.000	0.00	9.21	0.00	25.000	50.000	01	4	0.00	648.08	-68.000	0.000	0.000	0.000	0.000	1	01	1.000	0	0.00								
03	A4700	0	0	ALDEHIDO C 10 AL 10%	12352000	KGM	KGS.	0.000	0.000	0.00	5.64	2.82	3.000	5.000	03	4	0.00	0.00	0.000	0.000	0.000	0.000	0.000	1	03	1.000	0	0.00								
03	A4851	0	0	ALDEHIDO C 11 AL 10% D	12352000	KGM	KGS.	0.000	0.000	0.00	13.36	6.68	3.000	5.000	03	4	0.00	0.00	0.000	0.000	0.000	0.000	0.000	1	03	1.000	0	0.00								
03	A4850	0	0	ALDEHIDO C 11 AL 10%	12352000	KGM	KGS.	0.000	0.000	0.00	10.32	5.16	3.000	5.000	03	4	0.00	0.00	0.000	0.000	0.000	0.000	0.000	1	03	1.000	0	0.00								
01	A4800	0	0	ALDEHIDO C 11 UNDECILENICO	12352000	KGM	KGS.	1.210	0.210	0.00	27.05	0.00	5.000	15.000	01	4	32.73	27.13	-4.000	0.000	0.000	0.000	0.000	1	01	1.000	0	0.00								
01	A5000	0	0	ALDEHIDO C 12 LAURICO	12352000	KGM	KGM	29.770	0.350	0.00	11.30	0.00	10.000	15.000	01	4	264.95	-105.12	-178.000	0.000	0.000	0.000	0.000	1	01	1.000	0	0.00								
03	A5040	0	0	ALDEHIDO C 12 AL 1%	12352000	KGM	KGS.	0.000	0.000	0.00	4.96	2.48	2.000	3.000	03	4	0.00	0.00	0.000	0.000	0.000	0.000	0.000	1	03	1.000	0	0.00								
03	A5051	0	0	ALDEHIDO C 12 AL 10% DPG	12352000	KGM	KGS.	0.000	0.000	0.00	9.16	4.58	2.000	3.000	03	4	0.00	0.00	0.000	0.000	0.000	0.000	0.000	1	03	1.000	0	0.00								
03	A5050	0	0	ALDEHIDO C 12 LAURICO AL 10%	12352000	KGM	KGS.	0.000	0.000	0.00	6.12	3.06	2.000	3.000	03	4	0.00	0.00	0.000	0.000	0.000	0.000	0.000	1	03	1.000	0	0.00								
01	A5100	0	0	ALDEHIDO C 12 MNA	12352000	KGM	KGS.	0.000	0.000	0.00	13.69	0.00	10.000	15.000	01	4	0.00	346.85	-180.000	0.000	0.000	0.000	0.000	1	01	1.000	0	0.00								
01	A5300	0	0	ALDEHIDO C 14	12352000	KGM	KGS.	0.000	0.000	0.00	7.81	0.00	25.000	50.000	01	4	0.00	-613.92	-369.000	0.000	0.000	25.000	0.000	1	01	1.000	0	0.00								
03	A5350	0	0	ALDEHIDO C 14 AL 10%	12352000	KGM	KGS.	0.000	0.000	0.00	9.40	4.70	3.000	5.000	03	4	0.00	0.00	0.000	0.000	0.000	0.000	0.000	1	03	1.000	0	0.00								
01	A5500	0	0	ALDEHIDO C 16	12352000	KGM	KGS.	80.610	0.000	0.00	9.79	0.00	25.000	50.000	01	4	789.17	-490.96	-2511.100	0.000	0.000	0.000	0.000	1	01	1.000	0	0.00	77 83 8	1993						
01	A5600	0	0	ALDEHIDO C 18	12352000	KGM	KGS.	14.700	0.000	0.00	8.60	0.00	75.000	100.000	01	4	105.84	-187.90	-305.500	0.000	0.000	0.000	0.000	1	01	1.000	0	0.00	104-61-0							
03	A5601	0	0	ALDEHIDO C 18 AL 10%	12352000	KGM	KGS.	0.000	0.000	0.00	9.72	4.86	2.000	3.000	03	4	0.00	0.00	0.000	0.000	0.000	0.000	0.000	1	03	1.000	0	0.00								
03	A5610	0	0	ALDEHIDO C 18 AL 10%	12352000	KGM	KGS.	0.000	0.000	0.00	6.68	3.34	3.000	5.000	03	4	0.00	0.00	0.000	0.000	0.000	0.000	0.000	1	03	1.000	0	0.00								
01	A5700	0	0	ALDEHIDO C 19	12352000	KGM	KGS.	0.000	0.000	0.00	25.86	0.00	3.000	5.000	01	4	0.00	0.00	0.000	0.000	0.000	0.000	0.000	1	01	1.000	0	0.00								
01	A5850	0	0	ALDEHIDO C 20	12352000	KGM	KGS.	0.000	0.000	0.00	23.20	0.00	1.000	2.000	01	4	0.00	0.00	0.000	0.000	0.000	0.000	0.000	1	01	1.000	0	0.00								
03	A4591	0	0	ALDEHIDO C 8 AL 10%	12352000	KGM	KGS.	0.000	0.000	0.00	5.84	2.92	2.000	3.000	03	4	0.00	0.00	0.000	0.000	0.000	0.000	0.000	1	03	1.000	0	0.00								
01	A5790	0	0	ALFA DAMASCONE FIRMENICH	12352000	KGM	KGS.	0.160	0.160	0.00	155.01	0.00	1.000	2.000	01	4	19.49	6498.40	-1.000	0.000	0.000	0.000	0.000	1	01	1.000	0	0.00								
01	A5800	0	0	ALFA PINENO	12352000	KGM	KGS.	0.720	0.720	0.00	9.50	6.52	25.000	45.000	01	4	6.84	6.84	-58.000	0.000	0.000	20.000	0.000	1	01	1.000	0	0.00	80-56-8	2368	S			S	S	
01	A6000	0	0	ALIL AMIL GLICOLATO	12352000	KGM	KGS.	1.000	1.000	0.00	10.68	0.00	20.000	50.000	01	4	10.68	10.68	-4.000	0.000	0.000	0.000	0.000	1	01	1.000	0	0.00	67634-00-8	-				S		
03	A6601	0	0	ALIL CILCOHEXILO PROP.AL 10%	12352000	KGM	KGS.	0.000	0.000	0.00	7.52	3.76	2.000	3.000	03	4	0.00	0.00	0.000	0.000	0.000	0.000	0.000	1	03	1.000	0	0.00								
01	A6200	0	0	ALILO CAPROATO DE	12352000	KGM	KGS.	0.000	0.000	0.00	9.60	0.00	52.000	100.000	01	4	0.00	-156.35	-306.000	0.000	0.000	43.000	0.000	1	01	1.000	0	0.00								
01	H3500	0	0	ALLYL ALPHA IONONA	12352000	KGM	KGS.	0.000	0.000	0.00	185.00	0.00	1.000	2.000	01	4	0.00	685.92	0.000	0.000	0.000	-6.000	0.000	1	01	1.000	0	0.00								
20	A6300	0	0	ALMENDRA SHAMPOO	12352000	KGM	KGS.	0.000	0.000	0.00	24.06	12.03	10.000	15.000	20	4	0.00	0.00	0.000	0.000	0.000	0.000	0.000	1	20	1.000	0	0.00								
01	A6650	0	0	ALMIZCLE MOSKENE	12352000	KGM	KGS.	0.000	0.000	0.00	77.10	0.00	1.000	5.000	01	4	0.00	0.00	0.000	0.000	0.000	0.000	0.000	1	01	1.000	0	0.00								
01	A6620	0	0	ALXILOL	12352000	KGM	KGS.	0.000	0.000	0.00	15.26	7.63	0.000	0.000	01	4	0.00	0.00	-2.000	0.000	0.000	0.000	0.000	1	01	1.000	0	0.00								
01	A6600	0	0	ALYL CILCOHEXILO PROPIONATO DE	12352000	KGM	KGS.	33.090	3.090	0.00	13.50	0.00	10.000	30.000	01	4	446.72	241.42	-1.000	0.000	0.000	0.000	0.000	1	01	1.000	0	0.00								
01	A6800	0	0	AMBRAROME ABSOLUTO	12352000	KGM	KGS.	0.000	0.000	0.00	554.50	0.00	0.500	1.000	01	4	0.00	0.00	0.000	0.000	0.000	0.000	0.000	1	01	1.000	0	0.00								
01	A7000	0	0	ALMIZCLE AMBRETTA	12352000	KGM	KGS.	0.000	0.000	0.00	32.60	0.00	5.000	10.000	01	4	0.00	0.00	0.000	0.000	0.000	0.000	0.000	1	01	1.000	0	0.00	83-66-9	2811				S		
03	A7251	0	0	AMBROXAM AL 1% DPG	12352000	KGM	KGS.	0.000	0.000	0.00	142.34	71.17	3.000	5.000	03	4	0.00	0.00	0.000	0.000	0.000	0.000	0.000	1	03	1.000	0	0.00								
01	A7200	0	0	AMBROXAN	12352000	KGM	KGS.	0.000	0.000	0.00	506.19	0.00	0.500	1.000	01	4	0.00	498.99	-1.000	0.000	0.000	0.000	0.000	1	01	1.000	0	0.00	6790-58-5	-				S		
03	A7250	0	0	AMBROXAM DESTILADO AL 1%	12352000	KGM	KGS.	0.000	0.000	0.00	21.92	10.96	2.000	3.000	03	4	0.00	0.00	0.000	0.000	0.000	0.000	0.000	1	03	1.000	0	0.00								
01	A7500	0	0	ALDEHIDO AMIL CINAMICO	12352000	KGM	KGS.	0.130	0.130	0.00	6.42	0.00	25.000	50.000	01	4	0.83	0.83	-71.200	0.000	0.000	0.000	0.000	1	01	1.000	0	0.00	122-40-7	3082				S		S
01	A7580	0	0	ACETATO DE AMILO	12352000	KGM	KGM	0.000	0.000	0.00	7.80	1.95	180.000	360.000	01	4	0.00	-175.22	-2095.000	0.000	0.000	0.000	0.000	1	01	1.000	0	0.00	628-63-7	1104	S					
01	A7591	0	0	AMILO BENZOATO DE	12352000	KGM	KGS.	0.000	0.000	0.00	12.50	0.00	10.000	20.000	01	4	0.00	0.00	0.000	0.000	0.000	0.000	0.000	1	01	1.000	0	0.00								
01	A7581	0	0	AMILO BUTIRATO DE	12352000	KGM	KGS.	0.000	0.000	0.00	21.00	0.00	25.000	50.000	01	4	0.00	-281.43	-197.000	0.000	0.000	-20.000	0.000	1	01	1.000	0	0.00								
01	A7590	0	0	AMILO CAPROATO DE	12352000	KGM	KGS.	0.000	0.000	0.00	8.50	0.00	1.000	5.000	01	4	0.00	0.00	0.000	0.000	0.000	0.000	0.000	1	01	1.000	0	0.00								
01	A7600	0	0	AMILO FORMIATO DE	12352000	KGM	KGS.	0.140	0.140	0.00	13.60	0.00	3.000	5.000	01	4	1.90	1.90	-0.200	0.000	0.000	0.000	0.000	1	01	1.000	0	0.00								
01	A7650	3	0	AMILO PROPIONATO DE	12352000	KGM	KGS.	0.000	0.000	0.00	17.60	0.00	1.000	1.000	01	4	0.00	0.00	0.000	0.000	0.000	0.000	0.000	1	01	1.000	0	0.00								
01	A7700	0	0	AMILO SALICILATO DE ***	12352000	KGM	KGS.	0.000	0.000	0.00	5.55	0.00	0.000	0.000	01	4	0.00	0.00	-346.000	0.000	0.000	0.000	0.000	1	01	1.000	0	0.00								
01	A7750	0	0	AMILO VALERIANATO	12352000	KGM	KGS.	0.000	0.000	0.00	53.72	0.00	5.000	8.000	01	4	0.00	63.24	-80.500	0.000	0.000	0.000	0.000	1	01	1.000	0	0.00								
01	A7900	0	0	ANDRANE	12352000	KGM	KGS.	0.000	0.000	0.00	87.00	0.00	0.000	0.000	01	4	0.00	0.00	0.000	0.000	0.000	0.000	0.000	0	01	1.000	0	0.00								
01	V7000	0	0	VETIVER HAITI AC. ESC.	12352000	KGM	KGS.	0.000	0.000	0.00	615.25	0.00	3.000	5.000	01	4	0.00	2264.00	-4.000	0.000	0.000	0.000	0.000	1	01	1.000	0	0.00								
01	V7500	0	0	VETIVER OIL BOURBON AC. ESC.	12352000	KGM	KGS.	0.000	0.000	0.00	231.30	0.00	0.000	0.000	01	4	0.00	0.00	0.000	0.000	0.000	0.000	0.000	1	01	1.000	0	0.00								
01	V7600	0	0	VETIVERILO ACETATO DE	12352000	KGM	KGS.	0.000	0.000	0.00	347.30	0.00	2.000	5.000	01	4	0.00	0.00	0.000	0.000	0.000	0.000	0.000	1	01	1.000	0	0.00								
20	V2800	0	0	VIOLETAS VLT FV 01	12352000	KGM	KGS.	0.000	0.000	0.00	22.36	11.18	10.000	20.000	20	4	0.00	0.00	0.000	0.000	0.000	0.000	0.000	1	20	1.000	0	0.00								
20	V2801	0	0	VIOLETAS FCB SHAMPOO ALFOMBRAS	12352000	KGM	KGS.	0.000	0.000	0.00	42.54	21.27	10.000	20.000	20	4	0.00	0.00	0.000	0.000	0.000	0.000	0.000	1	20	1.000	0	0.00								
01	V8500	0	0	VIRIDINE	12352000	KGM	KGS.	0.000	0.000	0.00	27.00	0.00	5.000	8.000	01	4	0.00	210.30	0.000	0.000	0.000	0.000	0.000	1	01	1.000	0	0.00								
01	W1000	0	0	WARDIA	12352000	KGM	KGS.	0.000	0.000	0.00	1500.00	0.00	0.000	0.000	01	4	0.00	0.00	0.000	0.000	0.000	0.000	0.000	1	01	1.000	0	0.00								
03	Y6001	0	0	YLANG 0653	12352000	KGM	KGS.	0.000	0.000	0.00	12.32	6.16	3.000	5.000	03	4	0.00	0.00	-14.000	0.000	0.000	0.000	0.000	1	03	1.000	0	0.00								
01	Y5000	0	0	YLANG YLANG	12352000	KGM	KGM.	0.120	0.120	0.00	75.00	0.00	2.000	5.000	01	4	9.00	5521.29	-19.000	0.000	0.000	0.000	0.000	1	01	1.000	0	0.00								
30	Y7000	0	0	YSN FV 55	12352000	KGM	KGS.	0.000	0.000	0.00	0.00	0.00	5.000	10.000	30	4	0.00	0.00	0.000	0.000	0.000	0.000	0.000	1	30	1.000	0	0.00								
01	Z0000	0	0	ZANAHORIA AC. ESC.	12352000	KGM	KGS.	0.000	0.000	0.00	149.50	0.00	0.000	0.000	01	4	0.00	0.00	0.000	0.000	0.000	0.000	0.000	1	01	1.000	0	0.00								
01	A8000	0	0	ANETHOL	12352000	KGM	KGS.	0.000	600.000	0.00	12.21	0.00	15.000	20.000	01	4	0.00	20267.85	-5203.160	0.000	0.000	-136.000	0.000	1	01	1.000	0	0.00	4180-23-8	-				S		
03	A8051	0	0	ANIMALIS AL 10%	12352000	KGM	KGS.	0.000	0.000	0.00	30.08	15.04	2.000	3.000	03	4	0.00	0.00	0.000	0.000	0.000	0.000	0.000	1	03	1.000	0	0.00								
03	A8050	0	0	ANYMALYS 1745 SIN	12352000	KGM	KGS.	0.000	0.000	0.00	113.50	0.00	3.000	5.000	03	4	0.00	0.00	0.000	0.000	0.000	0.000	0.000	1	03	1.000	0	0.00								
01	A8100	0	0	ALDEHIDO ANISICO	12352000	KGM	KGS.	0.000	0.000	0.00	13.50	0.00	90.000	180.000	01	4	0.00	153.90	-1054.800	0.000	0.000	-5.000	0.000	1	01	1.000	0	0.00	123-11-5	3316	S			S		
01	A8200	0	0	ANISILO ACETATO DE	12352000	KGM	KGS.	0.000	0.000	0.00	30.70	0.00	1.000	3.000	01	4	0.00	-1543.00	0.000	0.000	0.000	0.000	0.000	1	01	1.000	0	0.00								
21	A8300	0	0	ANS ANS RY	12352000	KGM	KGS.	0.000	0.000	0.00	67.00	0.00	3.000	5.000	21	4	0.00	0.00	0.000	0.000	0.000	0.000	0.000	1	21	1.000	0	0.00								
03	A8500	0	0	ALDEHIDO C 10 AL 10%	12352000	KGM	KGS.	0.000	0.000	0.00	5.64	2.82	5.000	10.000	03	4	0.00	0.00	0.000	0.000	0.000	0.000	0.000	1	03	1.000	0	0.00								
22	A8090	0	0	APLE OLIFAC	12352000	KGM	KGM.	0.000	0.000	0.00	8.92	4.46	5.000	10.000	22	4	0.00	0.00	-541.000	0.000	0.000	0.000	0.000	1	22	1.000	0	41.00	MEZCLA	-				S		
03	A8700	0	0	ALDEHIDO C 10 AL 10%	12352000	KGM	KGS.	0.000	0.000	0.00	5.64	2.82	5.000	10.000	03	4	0.00	0.00	0.000	0.000	0.000	0.000	0.000	1	03	1.000	0	0.00								
01	A9000	0	0	AURANTIOL	12352000	KGM	KGS.	0.000	0.000	0.00	32.22	16.11	0.000	0.000	01	4	0.00	0.00	-31.000	0.000	0.000	0.000	0.000	1	01	1.000	1	34.90								
03	A9500	0	0	ALDEHIDO C 9 AL 10%	12352000	KGM	KGS.	0.000	0.000	0.00	7.32	3.66	5.000	10.000	03	4	0.00	0.00	0.000	0.000	0.000	0.000	0.000	1	03	1.000	0	0.00								
01	B1790	0	0	B H T	12352000	KGM	KGS.	0.185	0.185	0.00	7.90	0.00	25.000	75.000	01	4	1.46	1.46	-35.000	0.000	0.000	0.000	0.000	1	01	1.000	0	0.00	128-37-0							
21	B0500	0	0	BABY 0044  ESS	12352000	KGM	KGS.	0.000	0.000	0.00	19.96	9.98	5.000	10.000	21	4	0.00	0.00	0.000	0.000	0.000	0.000	0.000	1	21	1.000	0	0.00								
20	B1000	0	0	BABY GM 01 FRAGANCIA	12352000	KGM	KGS.	0.000	0.000	0.00	21.84	10.92	10.000	25.000	20	4	0.00	0.00	0.000	0.000	0.000	0.000	0.000	1	20	1.000	0	0.00								
01	B1100	0	0	BACDANOL	12352000	KGM	KGS.	0.140	0.140	0.00	24.60	0.00	5.000	10.000	01	4	3.44	3.44	0.000	0.000	0.000	0.000	0.000	1	01	1.000	0	0.00	28219-61-6	3082				S		S
01	B1800	0	0	BALSAMO DE COPAIBA	12352000	KGM	KGS.	0.000	0.000	0.00	14.75	0.00	1.000	3.000	01	4	0.00	0.00	0.000	0.000	0.000	0.000	0.000	1	01	1.000	0	0.00								
01	B2000	0	0	BALSAMO DE PERU AC. ESC.	12352000	KGM	KGS.	0.000	0.000	0.00	98.60	0.00	3.000	5.000	01	4	0.00	0.00	-95.000	0.000	0.000	0.000	0.000	1	01	1.000	0	0.00								
01	B2100	0	0	BALSAMO GURJUM	12352000	KGM	KGS.	0.000	0.000	0.00	17.50	0.00	1.000	3.000	01	4	0.00	0.00	0.000	0.000	0.000	0.000	0.000	1	01	1.000	0	0.00								
22	B2500	0	0	BASE A	12352000	KGM	KGS.	0.000	0.000	0.00	20.32	10.16	30.000	50.000	22	4	0.00	0.00	0.000	0.000	0.000	0.000	0.000	1	22	1.000	0	0.00								
22	B2550	0	0	BASE A - VEL	12352000	KGM	KGS.	0.000	0.000	0.00	47.18	23.59	20.000	50.000	22	4	0.00	0.00	0.000	0.000	0.000	0.000	0.000	1	22	1.000	0	0.00								
21	B3000	0	0	BASE ALMENDRAS	12352000	KGM	KGS.	0.000	0.000	0.00	27.18	13.59	5.000	10.000	21	4	0.00	0.00	0.000	0.000	0.000	0.000	0.000	1	21	1.000	0	0.00								
22	B3500	0	0	BASE B	12352000	KGM	KGS.	0.000	0.000	0.00	23.64	11.82	5.000	10.000	22	4	0.00	0.00	0.000	0.000	0.000	0.000	0.000	1	22	1.000	0	0.00								
22	B3550	0	0	BASE B - VEL	12352000	KGM	KGS.	0.000	0.000	0.00	26.84	13.42	5.000	10.000	22	4	0.00	0.00	0.000	0.000	0.000	0.000	0.000	1	22	1.000	0	0.00								
31	B4000	0	0	BASE CLOE	12352000	KGM	KGS.	0.000	0.000	0.00	7.02	3.51	3.000	5.000	31	4	0.00	0.00	0.000	0.000	0.000	0.000	0.000	1	31	1.000	0	0.00								
21	B3100	0	0	BASE HERBAL FRAGANCIAS	12352000	KGM	KGS.	0.000	0.000	0.00	0.00	0.00	5.000	10.000	21	4	0.00	0.00	0.000	0.000	0.000	0.000	0.000	1	21	1.000	0	0.00								
01	B3110	0	0	BASIL AC. ESC.	12352000	KGM	KGS.	0.000	0.000	0.00	182.00	0.00	0.000	0.000	01	4	0.00	0.00	0.000	0.000	0.000	0.000	0.000	1	01	1.000	0	0.00								
20	B0510	0	0	BEBE AG BASE FRAGANCIA	12352000	KGM	KGS.	0.000	0.000	0.00	31.22	15.61	10.000	20.000	20	4	0.00	0.00	0.000	0.000	0.000	0.000	0.000	1	20	1.000	0	0.00								
01	B4500	0	0	BENCIL FENILO ACETATO DE	12352000	KGM	KGS.	0.000	0.000	0.00	29.15	0.00	1.000	2.000	01	4	0.00	0.00	0.000	0.000	0.000	0.000	0.000	1	01	1.000	0	0.00								
01	B5000	0	0	BENCILICO ALCOHOL FARMACEUTICO	12352000	KGM	KGS.	0.000	0.000	0.00	4.40	0.00	210.000	420.000	01	4	0.00	0.00	-2100.000	0.000	0.000	0.000	0.000	1	01	1.000	0	0.00								
01	B5500	0	0	BENCILO ACETATO DE***	12352000	KGM	KGS.	0.000	0.000	0.00	3.20	0.00	400.000	600.000	01	4	0.00	-388.80	-16347.250	0.000	0.000	900.000	0.000	1	01	1.000	0	0.00	140-11-4							
01	B6000	0	0	BENCILO BENZOATO DE  ***	12352000	KGM	KGM.	102.300	0.000	0.00	3.19	0.00	200.000	400.000	01	4	326.34	-1247.51	-23290.700	0.000	0.000	-885.000	0.000	1	01	1.000	0	0.00	120-51-4	3082						
01	B6050	0	0	BENCILO BUTIRATO DE	12352000	KGM	KGS.	0.000	0.000	0.00	7.80	0.00	1.000	5.000	01	4	0.00	118.40	-731.000	0.000	0.000	-65.000	0.000	1	01	1.000	0	0.00								
01	B6200	0	0	BENCILO PROPIONATO DE	12352000	KGM	KGS.	0.000	0.000	0.00	6.65	0.00	10.000	15.000	01	4	0.00	0.00	-6.000	0.000	0.000	0.000	0.000	1	01	1.000	0	0.00								
01	B6500	0	0	BENCILO SALICILATO DE ***	12352000	KGM	KGS.	0.000	0.000	0.00	3.95	0.00	50.000	100.000	01	4	0.00	-1266.75	-426.000	0.000	0.000	0.000	0.000	1	01	1.000	0	0.00	118 58 1							
01	B8002	0	0	BENSOIM SIAM RESINOIDE AL 50%	12352000	KGM	KGS.	0.000	0.000	0.00	46.30	23.15	0.000	0.000	01	4	0.00	0.00	-32.500	0.000	0.000	0.000	0.000	0	01	1.000	0	0.00								
01	B7000	0	0	BZ DOS SUSTITUTO	12352000	KGM	KGS.	0.000	0.000	0.00	18.54	9.27	420.000	630.000	01	4	0.00	3881.20	-826.000	0.000	0.000	0.000	0.000	1	01	1.000	0	0.00								
01	B7500	0	0	BENZOFENONA	12352000	KGM	KGS.	0.272	0.260	0.00	6.79	0.00	3.000	6.000	01	4	1.85	1.77	-35.000	0.000	0.000	0.000	0.000	1	01	1.000	0	0.00	119-61-9	3077						S
01	B8100	0	0	BENZOIM SINTETICO	12352000	KGM	KGS.	0.000	0.000	0.00	22.30	0.00	0.000	0.000	01	4	0.00	0.00	0.000	0.000	0.000	0.000	0.000	1	01	1.000	0	0.00								
01	B8000	0	0	BENZOIN  RESINOIDE	12352000	KGM	KGS.	0.000	0.490	0.00	340.00	0.00	3.000	5.000	01	4	0.00	2108.40	-31.600	0.000	0.000	0.000	0.000	1	01	1.000	0	0.00								
01	B8300	0	0	BERGAMOTA AC.ESC.	12352000	KGM	KGM	0.000	0.000	0.00	94.00	0.00	3.000	5.000	01	4	0.00	228.40	-6.000	0.000	0.000	6.000	0.000	1	01	1.000	0	0.00								
03	B8400	0	0	BERGAMOTA SINTETICA GM 01	12352000	KGM	KGS.	0.000	0.000	0.00	39.88	19.94	10.000	25.000	03	4	0.00	0.00	0.000	0.000	0.000	0.000	0.000	1	03	1.000	0	0.00								
01	B8500	0	0	BIRCH OIL /AC.ESC. ABEDUL	12352000	KGM	KGS.	0.000	0.000	0.00	41.90	0.00	0.000	0.000	01	4	0.00	0.00	0.000	0.000	0.000	0.000	0.000	1	01	1.000	0	0.00								
03	B8501	0	0	BIRCH TAR AL 10%	12352000	KGM	KGS.	0.000	0.000	0.00	12.72	6.36	5.000	10.000	03	4	0.00	0.00	0.000	0.000	0.000	0.000	0.000	1	03	1.000	0	0.00								
01	B9000	0	0	BORNEOL	12352000	KGM	KGS.	0.000	0.000	0.00	40.50	0.00	10.000	15.000	01	4	0.00	0.00	-9.000	0.000	0.000	10.000	0.000	1	01	1.000	0	0.00	464-45-9	1312	S			S		
01	B9600	0	0	BUTIRATO DE BUTILO	12352000	KGM	KGS.	0.000	0.000	0.00	11.90	0.00	1.000	2.000	01	4	0.00	-58.86	-10.000	0.000	0.000	0.000	0.000	1	01	1.000	0	0.00	109-21-7	3272	S					
01	I3705	0	0	ISO BUTIRATO DE CINAMILO	12352000	KGM	KGS.	0.000	0.000	0.00	43.00	0.00	1.000	2.000	01	4	0.00	0.00	0.000	0.000	0.000	0.000	0.000	1	01	1.000	0	0.00								
01	C0100	0	0	CADE OIL/BIRCH TAR	12352000	KGM	KGS.	0.000	0.000	0.00	43.00	0.00	0.000	0.000	01	4	0.00	0.00	0.000	0.000	0.000	0.000	0.000	1	01	1.000	0	0.00								
01	C0400	0	0	CYMENE COEUR  /P-CYMENO	12352000	KGM	KGS.	0.000	0.000	0.00	8.00	0.00	0.000	0.000	01	4	0.00	0.00	0.000	0.000	0.000	0.000	0.000	1	01	1.000	0	0.00								
01	C0200	0	0	CALAMUS OIL	12352000	KGM	KGS.	0.000	0.000	0.00	123.40	0.00	50.000	0.000	01	4	0.00	0.00	0.000	0.000	0.000	0.000	0.000	1	01	1.000	0	0.00								
01	C0220	0	0	CANASOL NF 1000	12352000	KGM	KGS.	0.000	0.000	0.00	2.06	0.00	10.000	20.000	01	4	0.00	0.00	0.000	0.000	0.000	0.000	0.000	1	01	1.000	0	0.00								
01	C0340	0	0	CARBITOL	12352000	KGM	KGS.	0.000	0.000	0.00	5.00	0.00	0.000	0.000	01	4	0.00	0.00	0.000	0.000	0.000	0.000	0.000	1	01	1.000	0	0.00								
01	C0450	0	0	CARBON ACTIVADO	12352000	KGM	KGS.	0.000	0.000	0.00	2.63	0.00	0.000	0.000	01	4	0.00	0.00	0.000	0.000	0.000	0.000	0.000	1	01	1.000	0	0.00								
01	C0600	0	0	CARBONA LAEVA ***	12352000	KGM	KGM.	33.570	0.000	0.00	33.83	0.00	50.000	200.000	01	4	521.01	1253.40	-158.000	0.000	0.000	16.000	0.000	1	01	1.000	0	0.00								
21	C8670	0	0	CARLO CORINTO BASE FRAGANCIA	12352000	KGM	KGS.	0.000	0.000	0.00	51.48	25.74	5.000	10.000	21	4	0.00	0.00	0.000	0.000	0.000	0.000	0.000	1	01	1.000	0	0.00								
01	C1090	0	0	CASHMERAN	12352000	KGM	KGS.	0.000	0.000	0.00	284.64	0.00	0.000	0.000	01	4	0.00	0.00	0.000	0.000	0.000	0.000	0.000	0	01	1.000	0	0.00								
01	C1100	0	0	CASTOREUM RESINOIDE	12352000	KGM	KGS.	0.000	0.000	0.00	2830.00	0.00	0.000	0.000	01	4	0.00	2819.20	-1.000	0.000	0.000	0.000	0.000	1	01	1.000	0	0.00								
03	C1150	0	0	CASTOREUM RESINOIDE AL 10%	12352000	KGM	KGS.	0.000	0.000	0.00	260.34	130.17	2.000	5.000	03	4	0.00	0.00	0.000	0.000	0.000	0.000	0.000	1	03	1.000	0	0.00								
01	C1400	0	0	CUMINIL ALCOHOL	12352000	KGM	KGS.	0.000	0.000	0.00	65.00	0.00	0.000	0.000	01	4	0.00	0.00	0.000	0.000	0.000	0.000	0.000	1	01	1.000	0	0.00								
01	C1600	0	0	CEDRAMBER	12352000	KGM	KGS.	0.000	0.000	0.00	56.65	0.00	2.000	5.000	01	4	0.00	1046.10	0.000	0.000	0.000	0.000	0.000	1	01	1.000	0	0.00								
01	C2200	0	0	CEDRILO ACETATO DE	12352000	KGM	KGS.	0.000	0.000	0.00	12.95	0.00	1.000	3.000	01	4	0.00	0.00	-34.000	0.000	0.000	0.000	0.000	1	01	1.000	0	0.00								
01	C2400	0	0	CEDRO TEXAS AC. ESC.	12352000	KGM	KGS.	1.700	0.590	0.00	40.80	0.00	25.000	50.000	01	4	43.35	112.29	-174.500	0.000	0.000	0.000	0.000	1	01	1.000	0	0.00	68990 83 0							
01	C2410	0	0	CEDRO VIRGINIA AC.ESC.	12352000	KGM	KGM	15.920	9.010	0.00	33.50	0.00	20.000	50.000	01	4	533.32	476.24	-159.800	0.000	0.000	0.000	0.000	1	01	1.000	0	0.00								
01	C2000	0	0	CEDRENOL	12352000	KGM	KGS.	0.000	0.000	0.00	36.20	0.00	0.000	0.000	01	4	0.00	0.00	-10.000	0.000	0.000	0.000	0.000	0	01	1.000	0	0.00								
01	C2500	0	0	CELERY SEED OIL	12352000	KGM	KGS.	0.000	0.000	0.00	190.90	0.00	0.000	1.000	01	4	0.00	0.00	-2.000	0.000	0.000	0.000	0.000	1	01	1.000	0	0.00								
03	C2501	0	0	CELERY SEED OIL AL 1%	12352000	KGM	KGS.	0.000	0.000	0.00	8.60	4.30	2.000	5.000	03	4	0.00	0.00	0.000	0.000	0.000	0.000	0.000	1	03	1.000	0	0.00								
01	C2600	0	0	CELESTOLIDE	12352000	KGM	KGS.	0.000	0.000	0.00	48.23	0.00	1.000	1.000	01	4	0.00	0.00	-10.000	0.000	0.000	0.000	0.000	1	01	1.000	0	0.00								
20	C2650	0	0	CEREZA AG 02	12352000	KGM	KGM	0.000	0.000	0.00	18.32	9.16	5.000	10.000	20	4	0.00	0.00	-5.000	0.000	0.000	0.000	0.000	1	20	1.000	1	14.00								
01	C2700	0	0	CETILICO ALCOHOL	12352000	KGM	KGS.	0.000	0.000	0.00	3.85	0.00	0.000	0.000	01	4	0.00	0.00	0.000	0.000	0.000	0.000	0.000	0	01	1.000	0	0.00								
01	C3200	0	0	CITRUS OIL	12352000	KGM	KGS.	0.000	0.000	0.00	250.00	0.00	0.000	0.000	01	4	0.00	0.00	0.000	0.000	0.000	0.000	0.000	1	01	1.000	0	0.00								
31	C8691	0	0	CHANEL No.5 BASE FRAGANCIA	12352000	KGM	KGS.	0.000	0.000	0.00	40.00	0.00	5.000	10.000	31	4	0.00	0.00	0.000	0.000	0.000	0.000	0.000	1	31	1.000	0	0.00								
21	C8695	0	0	DURAZNO 091 A BASE CHABACANO CONTRATIPO	12352000	KGM	KGS.	0.000	0.000	0.00	16.10	8.05	5.000	10.000	21	4	0.00	0.00	0.000	0.000	0.000	0.000	0.000	1	21	1.000	0	0.00								
01	C4000	0	0	CICLAMEN ALDEHIDO	12352000	KGM	KGS.	0.000	0.000	0.00	21.40	0.00	5.000	10.000	01	4	0.00	466.00	-84.000	0.000	0.000	-72.000	0.000	1	01	1.000	0	0.00								
01	C4100	0	0	CICLOHEXILO ACETATO DE	12352000	KGM	KGS.	0.000	0.000	0.00	9.11	0.00	2.000	3.000	01	4	0.00	0.00	-342.000	0.000	0.000	0.000	0.000	1	01	1.000	0	0.00								
01	C4200	0	0	CICLOTENE	12352000	KGM	KGS.	0.000	0.000	0.00	18.13	0.00	10.000	25.000	01	4	0.00	0.00	-54.000	0.000	0.000	0.000	0.000	1	01	1.000	0	0.00	80-71-7	-				S		
01	C4400	0	0	CILANTRO AC. ESC.	12352000	KGM	KGS.	0.000	0.000	0.00	85.00	0.00	0.000	1.000	01	4	0.00	360.00	-32.800	0.000	0.000	0.000	0.000	1	01	1.000	0	0.00								
01	C5300	0	0	CINALKEX	12352000	KGM	KGS.	0.000	0.000	0.00	0.00	0.00	0.000	0.000	01	4	0.00	0.00	0.000	0.000	0.000	0.000	0.000	1	01	1.000	0	0.00								
01	C4700	0	0	CINAMATO DE BENCILO	12352000	KGM	KGS.	0.000	0.000	0.00	21.80	0.00	0.000	0.000	01	4	0.00	0.00	-25.000	0.000	0.000	0.000	0.000	1	01	1.000	0	0.00								
01	C4800	0	0	CINAMICO ALCOHOL ***	12352000	KGM	KGS.	0.000	0.000	0.00	11.39	0.00	10.000	25.000	01	4	0.00	1864.20	-62.500	0.000	0.000	0.000	0.000	1	01	1.000	0	0.00								
01	C5000	0	0	CINAMICO ALDEHIDO ***	12352000	KGM	KGS.	0.000	209.000	0.00	3.97	0.00	420.000	630.000	01	4	0.00	-84433.05	-99188.600	0.000	0.000	0.000	0.000	1	01	1.000	0	0.00	104-55-2							
01	C5200	0	0	CINAMILO ACETATO DE	12352000	KGM	KGS.	0.000	4.000	0.00	37.50	0.00	3.000	5.000	01	4	0.00	169.00	-1.000	0.000	0.000	0.000	0.000	1	01	1.000	0	0.00								
01	V5800	0	0	V E R D U R A L	12352000	KGM	KGM	0.100	0.100	0.00	78.14	0.00	5.000	10.000	01	4	18.13	-130.10	-60.500	0.000	0.000	0.000	0.000	1	01	1.000	0	0.00								
03	A4251	0	0	CIS 3 HEXENOL AL 10%	12352000	KGM	KGS.	0.000	0.000	0.00	17.24	8.62	5.000	12.000	03	4	0.00	0.00	0.000	0.000	0.000	0.000	0.000	1	03	1.000	0	0.00								
01	C5700	0	0	CISTE LABDANUM	12352000	KGM	KGS.	0.000	0.000	0.00	1500.00	0.00	0.000	0.000	01	4	0.00	0.00	0.000	0.000	0.000	0.000	0.000	1	01	1.000	0	0.00								
01	C6200	0	0	CITRAL	12352000	KGM	KGS.	0.000	0.000	0.00	14.95	10.80	180.000	340.000	01	4	0.00	779.85	-1497.500	0.000	0.000	36.000	0.000	1	01	1.000	0	0.00	5392-40-5	-				M		
01	C6400	0	0	CITRALVA	12352000	KGM	KGS.	0.000	0.000	0.00	35.00	0.00	35.000	50.000	01	4	0.00	0.00	0.000	0.000	0.000	0.000	0.000	1	01	1.000	0	0.00								
01	C6800	0	0	CITRO FLEX	12352000	KGM	KGS.	0.000	0.000	0.00	9.90	0.00	0.000	1.000	01	4	0.00	0.00	0.000	0.000	0.000	0.000	0.000	1	01	1.000	0	0.00								
20	C6850	0	0	CITRONELA FRAGANCIA	12352000	KGM	KGS.	0.000	0.000	0.00	10.76	5.38	20.000	30.000	20	4	0.00	0.00	0.000	0.000	0.000	0.000	0.000	1	20	1.000	0	0.00								
01	C6900	0	0	CITRONELA TERPENOS DE	12352000	KGM	KGS.	0.000	0.000	0.00	6.30	0.00	2.000	5.000	01	4	0.00	0.00	0.000	0.000	0.000	0.000	0.000	1	01	1.000	0	0.00								
01	C7000	0	0	CITRONELA TIPO JAVA AC. ESC.	12352000	KGM	KGM	0.000	0.000	0.00	32.16	0.00	10.000	20.000	01	4	0.00	213.45	-2306.347	0.000	0.000	0.000	0.000	1	01	1.000	0	0.00	8000 29 1				M		M	
01	C7200	0	0	CITRONELAL	12352000	KGM	KGM.	0.000	0.000	0.00	15.75	19.65	10.000	15.000	01	4	0.00	0.00	-119.000	0.000	0.000	0.000	0.000	1	01	1.000	0	0.00								
01	C7400	0	0	CITRONELILO ACETATO DE	12352000	KGM	KGS.	9.450	0.000	0.00	14.90	0.00	10.000	15.000	01	4	140.81	71.85	-6.000	0.000	0.000	0.000	0.000	1	01	1.000	0	0.00								
03	C7451	0	0	CITRONELILO FORMIATO AL 10%	12352000	KGM	KGS.	0.000	0.000	0.00	13.28	6.64	5.000	10.000	03	4	0.00	0.00	0.000	0.000	0.000	0.000	0.000	1	03	1.000	0	0.00								
01	C7450	0	0	CITRONELILO FORMIATO DE	12352000	KGM	KGS.	0.000	0.000	0.00	29.47	0.00	2.000	5.000	01	4	0.00	0.00	0.000	0.000	0.000	0.000	0.000	1	01	1.000	0	0.00								
01	C7500	0	0	CITRONELILO PROPIONATO DE	12352000	KGM	KGS.	0.000	0.000	0.00	19.28	0.00	0.000	0.000	01	4	0.00	0.00	0.000	0.000	0.000	0.000	0.000	1	01	1.000	0	0.00								
01	C7600	0	0	CITRONELOL	12352000	KGM	KGS.	0.000	0.000	0.00	12.75	14.16	30.000	60.000	01	4	0.00	-7560.80	-59.500	0.000	0.000	272.000	0.000	1	01	1.000	0	0.00	106-22-9	3082						
01	C7902	0	0	CIVETTA 77	12352000	KGM	KGS.	0.000	0.000	0.00	26.48	13.24	0.000	0.000	01	4	0.00	0.00	0.000	0.000	0.000	0.000	0.000	1	01	1.000	0	0.00								
03	C7901	0	0	CIVETTA 77 AL 10%	12352000	KGM	KGS.	0.000	0.000	0.00	9.64	4.82	3.000	5.000	03	4	0.00	0.00	0.000	0.000	0.000	0.000	0.000	1	03	1.000	0	0.00								
01	C7900	0	0	CIVETTA ABS.	12352000	KGM	KGS.	0.000	0.000	0.00	950.00	0.00	0.000	0.000	01	4	0.00	0.00	0.000	0.000	0.000	0.000	0.000	1	01	1.000	0	0.00								
01	C7910	0	0	CIVETTA SINTETICA	12352000	KGM	KGS.	0.000	0.000	0.00	300.00	0.00	0.000	0.000	01	4	0.00	0.00	0.000	0.000	0.000	0.000	0.000	1	01	1.000	0	0.00								
10	C8110	0	0	CLORO	12352000	KGM	KGS.	0.000	0.000	0.00	0.20	0.00	25.000	50.000	10	4	0.00	0.00	0.000	0.000	0.000	0.000	0.000	1	10	1.000	0	0.00								
21	C9700	0	0	COCO AROMA BASE FRAGANCIA	12352000	KGM	KGS.	0.000	0.000	0.00	13.58	6.79	5.000	10.000	21	4	0.00	0.00	0.000	0.000	0.000	0.000	0.000	1	21	1.000	0	0.00								
03	C8250	0	0	CITRONELAL AL 10%	12352000	KGM	KGS.	0.000	0.000	0.00	82.68	41.34	3.000	5.000	03	4	0.00	0.00	0.000	0.000	0.000	0.000	0.000	1	03	1.000	0	53.20								
21	C7950	0	0	COCO CHANEL FRAGANCIA	12352000	KGM	KGS.	0.000	0.000	0.00	59.00	0.00	5.000	10.000	21	4	0.00	0.00	0.000	0.000	0.000	0.000	0.000	1	21	1.000	0	0.00								
40	C7961	0	0	COCO LIQUIDO SABORES GM 809	12352000	KGM	KGS.	0.000	0.000	0.00	0.00	0.00	25.000	50.000	40	4	0.00	0.00	0.000	0.000	0.000	0.000	0.000	1	40	1.000	0	0.00								
41	C7960	0	0	COCO SABOR BASE FRAGANCIA LIQUID.	12352000	KGM	KGS.	0.000	0.000	0.00	6.06	3.03	10.000	25.000	41	4	0.00	0.00	0.000	0.000	0.000	0.000	0.000	1	41	1.000	0	0.00								
01	C8500	0	0	COSTUS OIL	12352000	KGM	KGS.	0.000	0.000	0.00	10.64	0.00	0.000	0.000	01	4	0.00	0.00	0.000	0.000	0.000	0.000	0.000	1	01	1.000	0	0.00								
10	C8550	0	0	COL. ANAIS ANAIS	12352000	KGM	KGS.	0.000	0.000	0.00	49.41	0.00	5.000	10.000	10	4	0.00	0.00	0.000	0.000	0.000	0.000	0.000	1	10	1.000	0	0.00								
10	C8570	0	0	COL. AZZARO	12352000	KGM	KGS.	0.000	0.000	0.00	0.00	0.00	5.000	10.000	10	4	0.00	0.00	0.000	0.000	0.000	0.000	0.000	1	10	1.000	0	0.00								
10	C8600	0	0	COL. CARLO CORINTO	12352000	KGM	KGS.	0.000	0.000	0.00	0.00	0.00	5.000	10.000	10	4	0.00	0.00	0.000	0.000	0.000	0.000	0.000	1	10	1.000	0	0.00								
10	C8700	0	0	COL. CHANEL No.5	12352000	KGM	KGS.	0.000	0.000	0.00	0.00	0.00	5.000	10.000	10	4	0.00	0.00	0.000	0.000	0.000	0.000	0.000	1	10	1.000	0	0.00								
10	C8850	0	0	COL. DRAKKAR	12352000	KGM	KGS.	0.000	0.000	0.00	0.00	0.00	5.000	10.000	10	4	0.00	0.00	0.000	0.000	0.000	0.000	0.000	1	10	1.000	0	0.00								
10	C9470	0	0	COL. P. CARDIN	12352000	KGM	KGS.	0.000	0.000	0.00	0.00	0.00	5.000	10.000	10	4	0.00	0.00	0.000	0.000	0.000	0.000	0.000	1	10	1.000	0	0.00								
10	C9450	0	0	COL. POISON	12352000	KGM	KGS.	0.000	0.000	0.00	0.00	0.00	5.000	10.000	10	4	0.00	0.00	0.000	0.000	0.000	0.000	0.000	1	10	1.000	0	0.00								
01	C9601	0	0	CLOVE BUD OIL	12352000	KGM	KGS.	0.000	0.000	0.00	15.50	0.00	0.000	0.000	01	4	0.00	0.00	0.000	0.000	0.000	0.000	0.000	1	01	1.000	0	0.00								
22	C9602	0	0	COLONIA 0099	12352000	KGM	KGS.	0.000	0.000	0.00	22.04	11.02	5.000	10.000	22	4	0.00	0.00	0.000	0.000	0.000	0.000	0.000	1	22	1.000	0	0.00								
60	C8200	0	0	AMARILLO COLOR	12352000	KGM	KGS.	0.000	0.000	0.00	0.00	0.00	1.000	2.000	60	4	0.00	0.00	0.000	0.000	0.000	0.000	0.000	1	60	1.000	0	0.00								
60	C8100	0	0	AZUL COLOR	12352000	KGM	KGS.	0.000	0.000	0.00	0.00	0.00	1.000	2.000	60	4	0.00	0.00	0.000	0.000	0.000	0.000	0.000	1	60	1.000	0	0.00								
60	C8400	0	0	ROJO  COLOR	12352000	KGM	KGS.	0.000	0.000	0.00	166.00	0.00	1.000	2.000	60	4	0.00	0.00	0.000	0.000	0.000	0.000	0.000	1	60	1.000	0	0.00								
60	C8205	0	0	VERDE COLOR	12352000	KGM	KGS.	-0.029	-0.029	0.00	4.11	4.11	1.000	2.000	60	4	-0.12	-0.12	0.000	0.000	0.000	0.000	0.000	1	60	1.000	0	0.00								
01	C9010	0	0	COMINO AC. ESC.	12352000	KGM	KGS.	0.000	0.000	0.00	94.15	0.00	0.000	0.500	01	4	0.00	236.40	-53.500	0.000	0.000	0.000	0.000	1	01	1.000	0	0.00								
01	C9600	0	0	COMPERLAN  D 618 N	12352000	KGM	KGS.	0.000	0.000	0.00	1.83	0.00	1.000	3.000	01	4	0.00	0.00	0.000	0.000	0.000	0.000	0.000	1	01	1.000	0	0.00								
01	C8920	0	0	CONSERVADOR No.1	12352000	KGM	KGS.	0.000	0.000	0.00	0.00	0.00	0.000	0.000	01	4	0.00	0.00	0.000	0.000	0.000	0.000	0.000	1	01	1.000	0	0.00								
20	C9005	0	0	FRAGANCIA FPC 8033	12352000	KGM	KGS.	0.000	0.000	0.00	16.56	8.28	5.000	10.000	20	4	0.00	0.00	-750.000	0.000	0.000	0.000	0.000	1	20	1.000	0	14.00								
01	C9750	0	0	COPAIBA AC. ESC.	12352000	KGM	KGS.	0.000	0.000	0.00	37.41	0.00	0.000	0.000	01	4	0.00	0.00	0.000	0.000	0.000	0.000	0.000	1	01	1.000	0	0.00								
01	C9800	6	0	COUMARINA	12352000	KGM	KGS.	13.620	0.620	0.00	9.50	0.00	75.000	100.000	01	4	134.84	-92.83	-623.000	0.000	0.000	0.000	0.000	1	01	1.000	0	0.00	91-64-5	2811		S				
03	C9810	0	0	COUMARINA SUBSTITUO	12352000	KGM	KGS.	0.000	0.000	0.00	7.60	3.80	5.000	10.000	03	4	0.00	0.00	0.000	0.000	0.000	0.000	0.000	1	03	1.000	0	0.00								
10	C8421	0	0	CREMA	12352000	KGM	KGS.	0.000	0.000	0.00	0.00	0.00	20.000	30.000	10	4	0.00	0.00	0.000	0.000	0.000	0.000	0.000	1	10	1.000	0	0.00								
21	C8410	0	0	CREMA PONS FRAGANCIA	12352000	KGM	KGS.	0.000	0.000	0.00	0.00	0.00	5.000	10.000	21	4	0.00	0.00	0.000	0.000	0.000	0.000	0.000	1	21	1.000	0	0.00								
01	C8420	0	0	CRESOL PURO	12352000	KGM	KGS.	0.000	0.000	0.00	0.00	0.00	0.000	0.000	01	4	0.00	0.00	0.000	0.000	0.000	0.000	0.000	1	01	1.000	0	0.00								
01	C9900	0	0	CUMINILO ACETATO DE	12352000	KGM	KGS.	0.000	0.000	0.00	250.00	0.00	0.000	0.000	01	4	0.00	0.00	0.000	0.000	0.000	0.000	0.000	1	01	1.000	0	0.00								
01	C9950	0	0	CUMINIQUE ALDEHIDO	12352000	KGM	KGS.	0.000	0.000	0.00	35.70	0.00	0.500	1.000	01	4	0.00	0.00	0.000	0.000	0.000	0.000	0.000	1	01	1.000	0	0.00								
21	D0100	0	0	DANIELA ROMO 0706	12352000	KGM	KGS.	0.000	0.000	0.00	0.00	0.00	5.000	10.000	21	4	0.00	0.00	0.000	0.000	0.000	0.000	0.000	1	21	1.000	0	0.00								
01	D0200	0	0	DECALACTONA GAMA	12352000	KGM	KGS.	0.000	0.000	0.00	8.90	0.00	10.000	25.000	01	4	0.00	0.00	-41.000	0.000	0.000	0.000	0.000	1	01	1.000	0	0.00								
01	D0500	0	0	DETERCON	12352000	KGM	KGS.	20.930	20.930	0.00	1.00	0.00	0.000	0.000	01	4	20.93	20.93	0.000	0.000	0.000	0.000	0.000	01	01	1.000	0	0.00								
01	D1000	0	0	DIACETILO	12352000	KGM	KGS.	0.000	0.000	0.00	9.30	0.00	50.000	100.000	01	4	0.00	38.00	-203.600	0.000	0.000	10.000	0.000	1	01	1.000	0	0.00	431-03-8	2346	S			S		
01	D1500	0	0	DIETILO FTALATO DE	12352000	KGM	KGS.	23.300	26.100	0.00	3.60	0.00	225.000	450.000	01	4	50.10	-137442.91	-1778.760	0.000	0.000	0.000	0.000	1	01	1.000	0	0.00	84-66-2							
01	D1600	0	0	DIETILO MALONATO DE	12352000	KGM	KGS.	0.000	0.000	0.00	5.50	0.00	10.000	25.000	01	4	0.00	0.00	-23.400	0.000	0.000	0.000	0.000	1	01	1.000	0	0.00								
01	D2000	0	0	DIFENILO OXIDO DE	12352000	KGM	KGS.	0.000	0.000	0.00	2.86	0.00	10.000	25.000	01	4	0.00	-125230.80	-28.000	0.000	0.000	0.000	0.000	1	01	1.000	0	0.00								
01	D2500	0	0	DIHIDROCOUMARINA	12352000	KGM	KGS.	0.000	0.720	0.00	24.75	0.00	10.000	20.000	01	4	0.00	1079.17	-681.000	0.000	0.000	0.000	0.000	1	01	1.000	0	0.00	119-84-6	-				S		
01	D3000	0	0	DIHIDROMIRCENOL  ***	12352000	KGM	KGS.	0.000	0.000	0.00	9.95	0.00	50.000	100.000	01	4	0.00	1079.75	-1305.000	0.000	0.000	0.000	0.000	1	01	1.000	0	0.00	18479-58-8							
01	D4200	0	0	DIMETHYL HIDROQUINONE CRISTALES	12352000	KGM	KGS.	0.000	0.000	0.00	56.50	0.00	10.000	15.000	01	4	0.00	0.00	-0.200	0.000	0.000	0.000	0.000	1	01	1.000	0	0.00								
01	D3200	0	0	DIMETIL BENCIL CARBINOL	12352000	KGM	KGS.	0.220	0.210	0.00	13.50	0.00	1.000	5.000	01	4	2.97	2.84	0.000	0.000	0.000	0.000	0.000	1	01	1.000	0	0.00	100-86-7	-				S		
01	D3500	0	0	DIMETIL BENCIL CARBINOL ACETATO DE	12352000	KGM	KGS.	0.000	0.000	0.00	13.75	0.00	10.000	25.000	01	4	0.00	-1609.75	-40.000	0.000	0.000	0.000	0.000	1	01	1.000	0	0.00								
01	D3900	0	0	DIMETIL FENIL ETIL CARBINOL	12352000	KGM	KGS.	0.000	0.000	0.00	65.00	0.00	0.000	0.000	01	4	0.00	0.00	0.000	0.000	0.000	0.000	0.000	1	01	1.000	0	0.00								
01	D4000	0	0	DIMETIL FENIL ETIL CARBINOL ACETATO	12352000	KGM	KGS.	0.000	0.000	0.00	41.00	0.00	0.000	0.000	01	4	0.00	0.00	0.000	0.000	0.000	0.000	0.000	1	01	1.000	0	0.00								
01	D4500	0	0	DIMETILO ANTRANILATO DE	12352000	KGM	KGS.	0.000	0.000	0.00	29.60	0.00	1.000	5.000	01	4	0.00	0.00	-4.000	0.000	0.000	0.000	0.000	1	01	1.000	0	0.00								
01	D5000	0	0	DIMETOL	12352000	KGM	KGS.	0.000	0.000	0.00	16.80	0.00	1.000	5.000	01	4	0.00	146.26	0.000	0.000	0.000	10.000	0.000	1	01	1.000	0	0.00								
01	D5500	0	0	DIMIRCETOL	12352000	KGM	KGS.	0.000	0.000	0.00	11.90	0.00	1.000	3.000	01	4	0.00	0.00	0.000	0.000	0.000	0.000	0.000	1	01	1.000	0	0.00								
01	D5700	0	0	DIPENTENO	12352000	KGM	KGS.	0.000	5.000	0.00	4.68	0.00	0.000	0.000	01	4	0.00	-402.45	-17059.200	0.000	0.000	0.000	0.000	1	01	1.000	0	0.00	138-86-3	2052	S			S		S
01	D6000	0	0	DIPROPILENGLICOL	12352000	KGM	KGS.	0.000	0.000	0.00	5.62	0.00	100.000	215.000	01	4	0.00	2785.40	-3166.000	0.000	0.000	100.000	0.000	1	01	1.000	0	0.00	25265-71-8	-				S		
30	D6500	0	0	DRAKKAR NOIR FV 01	12352000	KGM	KGS.	0.000	0.000	0.00	0.00	0.00	5.000	10.000	30	4	0.00	0.00	0.000	0.000	0.000	0.000	0.000	1	30	1.000	0	0.00								
31	D7000	0	0	DRAKKAR OIL  RY	12352000	KGM	KGS.	0.000	0.000	0.00	42.86	21.43	5.000	10.000	31	4	0.00	0.00	0.000	0.000	0.000	0.000	0.000	1	31	1.000	0	0.00								
20	D8000	0	0	DURAZNO	12352000	KGM	KGS.	0.000	0.000	0.00	18.94	9.47	10.000	20.000	20	4	0.00	0.00	0.000	0.000	0.000	0.000	0.000	1	20	1.000	0	0.00								
21	D7500	0	0	DURAZNO BASE 091	12352000	LTR	LTR	0.000	0.000	0.00	18.10	9.05	10.000	20.000	21	4	0.00	0.00	-955.000	0.000	0.000	0.000	0.000	+	21	1.000	0	0.00								
20	D7511	0	0	DURAZNO OBSOLETO AG 01	12352000	KGM	KGS.	0.000	0.000	0.00	1.10	0.00	5.000	15.000	20	4	0.00	0.00	0.000	0.000	0.000	0.000	0.000	1	20	1.000	0	0.00								
21	D7510	0	0	DURAZNO OBSOLETO BASE FRAG.	12352000	KGM	KGS.	0.000	0.000	0.00	0.00	0.00	5.000	10.000	21	4	0.00	0.00	0.000	0.000	0.000	0.000	0.000	1	21	1.000	0	0.00								
03	E1000	0	0	CIS 3 HEXENOL AL 10%	12352000	KGM	KGS.	0.000	0.000	0.00	17.24	8.62	5.000	10.000	03	4	0.00	0.00	0.000	0.000	0.000	0.000	0.000	1	03	1.000	0	0.00								
01	E1100	0	0	ELEMI RESINOIDE DE	12352000	KGM	KGS.	0.000	0.000	0.00	18.75	0.00	1.000	5.000	01	4	0.00	0.00	0.000	0.000	0.000	0.000	0.000	1	01	1.000	0	0.00								
10	E1500	0	0	ENJUAGUE	12352000	KGM	KGS.	0.000	0.000	0.00	0.00	0.00	20.000	70.000	10	4	0.00	0.00	0.000	0.000	0.000	0.000	0.000	1	10	1.000	0	0.00								
30	E2500	0	0	EST FV 45	12352000	KGM	KGS.	0.000	0.000	0.00	0.00	0.00	5.000	10.000	30	4	0.00	0.00	0.000	0.000	0.000	0.000	0.000	1	30	1.000	0	0.00								
22	E4001	0	0	ESTIRALILO ACETATO AL 10%	12352000	KGM	KGS.	0.000	0.000	0.00	5.48	2.74	0.000	10.000	22	4	0.00	0.00	0.000	0.000	0.000	0.000	0.000	1	22	1.000	0	0.00								
01	E4000	0	0	ESTIRALILO ACETATO DE	12352000	KGM	KGS.	0.000	0.000	0.00	6.75	0.00	100.000	200.000	01	4	0.00	-2013.15	-13.600	0.000	0.000	0.000	0.000	1	01	1.000	0	0.00								
01	E4200	0	0	ETHER ENANTICO	12352000	KGM	KGS.	0.000	0.000	0.00	12.09	11.64	10.000	20.000	01	4	0.00	0.25	-58.850	0.000	0.000	20.010	0.000	1	01	1.000	0	0.00								
01	E4500	0	0	ETIL 2 METIL BUTIRATO	12352000	KGM	KGS.	0.000	0.000	0.00	11.15	0.00	2.000	5.000	01	4	0.00	0.00	-52.000	0.000	0.000	0.000	0.000	1	01	1.000	0	0.00	7452-79-1	3272	S					
01	E5000	0	0	ETIL VAINILLINA	12352000	KGM	KGS.	46.800	0.000	0.00	12.50	0.00	10.000	25.000	01	4	585.00	-226.15	-623.000	0.000	0.000	0.000	0.000	1	01	1.000	0	0.00	121-32-4	-				S		
22	E5050	0	0	ETIL VAINILLINA AL 10%	12352000	KGM	KGS.	0.000	0.000	0.00	0.00	0.00	5.000	10.000	22	4	0.00	0.00	0.000	0.000	0.000	0.000	0.000	1	22	1.000	0	0.00								
01	E5500	0	0	ETILEN BRASILATE	12352000	KGM	KGS.	0.000	0.000	0.00	9.20	0.00	1.000	2.000	01	4	0.00	0.00	0.000	0.000	0.000	0.000	0.000	1	01	1.000	0	0.00								
01	E6000	0	0	ETILEN GLICOL MONOESTEARATO DE	12352000	KGM	KGS.	0.000	0.000	0.00	1.16	0.00	0.000	0.000	01	4	0.00	0.00	0.000	0.000	0.000	0.000	0.000	1	01	1.000	0	0.00								
01	E6500	0	0	ETILO ACETATO DE	12352000	KGM	KGM	0.000	0.000	0.00	3.51	0.00	200.000	600.000	01	4	0.00	-194.94	-2571.500	0.000	0.000	-50.000	0.000	1	01	1.000	0	0.00	141 78 6	1173						
01	E6600	0	0	ETILO ANTRANILATO DE	12352000	KGM	KGS.	0.000	0.000	0.00	46.25	0.00	10.000	15.000	01	4	0.00	0.00	0.000	0.000	0.000	0.000	0.000	1	01	1.000	0	0.00								
01	E6700	0	0	ETILO BENZOATO DE	12352000	KGM	KGS.	0.000	0.000	0.00	6.10	0.00	7.000	10.000	01	4	0.00	167.41	-200.000	0.000	0.000	0.000	0.000	1	01	1.000	0	0.00								
01	E7000	0	0	ETILO BUTIRATO DE	12352000	KGM	KGM	24.056	0.000	0.00	4.90	0.00	90.000	180.000	01	4	98.63	-1997.02	-3054.000	0.000	0.000	-30.000	0.000	1	01	1.000	0	0.00	105-54-4	1180						
01	E7500	0	0	ETILO CAPRILATO DE	12352000	KGM	KGS.	0.000	0.000	0.00	10.30	0.00	4.000	6.000	01	4	0.00	0.00	-100.000	0.000	0.000	0.000	0.000	1	01	1.000	0	0.00								
01	E7501	0	0	ETILO CAPROATO DE	12352000	KGM	KGS.	9.635	3.400	0.00	7.50	0.00	50.000	90.000	01	4	72.26	-1729.50	-28.000	0.000	0.000	0.000	0.000	1	01	1.000	0	0.00	123-66-0	3272						
01	E4750	0	0	ETILO CINAMATO DE	12352000	KGM	KGS.	0.000	0.000	0.00	13.80	0.00	3.000	5.000	01	4	0.00	0.00	-48.600	0.000	0.000	0.000	0.000	1	01	1.000	0	0.00								
01	E7507	0	0	ETILO FORMIATO DE	12352000	KGM	KGS.	0.000	0.000	0.00	8.37	0.00	10.000	15.000	01	4	0.00	-1424.97	-1158.000	0.000	0.000	0.000	0.000	1	01	1.000	0	0.00								
01	E7510	0	0	ETILO LACTATO DE	12352000	KGM	KGS.	27.340	20.340	0.00	3.65	0.00	0.000	0.000	01	4	99.79	60.39	-95.000	0.000	0.000	0.000	0.000	1	01	1.000	0	0.00								
01	E7600	0	0	ETILO OENANTATO	12352000	KGM	KGS.	0.000	0.000	0.00	17.60	0.00	0.000	0.000	01	4	0.00	0.00	-23.000	0.000	0.000	0.000	0.000	01	01	1.000	0	0.00								
01	E7665	0	0	ETILO PELARGONATO DE	12352000	KGM	KGS.	0.000	0.000	0.00	22.63	0.00	1.000	3.000	01	4	0.00	-2890.17	-156.600	0.000	0.000	0.000	0.000	1	01	1.000	0	0.00	123-29-5							
01	E7660	0	0	ETILO PROPIONATO DE	12352000	KGM	KGS.	0.000	0.000	0.00	5.50	0.00	40.000	60.000	01	4	0.00	-136.89	-380.000	0.000	0.000	152.000	0.000	1	01	1.000	0	0.00								
01	E8000	0	0	EUCALIPTOL	12352000	KGM	KGS.	0.000	0.000	0.00	15.45	0.00	10.000	20.000	01	4	0.00	82.50	-17.000	0.000	0.000	0.000	0.000	1	01	1.000	0	0.00	470-82-6	1993	S					
01	E8500	0	0	EUCALIPTO	12352000	KGM	KGS.	0.000	0.900	0.00	14.00	0.00	50.000	90.000	01	4	0.00	-823.21	-2394.000	0.000	0.000	99819.000	0.000	1	01	1.000	0	0.00	8000 48 4	1169						
01	E9000	0	0	EUGENOL	12352000	KGM	KGS.	0.000	0.000	0.00	38.00	0.00	25.000	60.000	01	4	0.00	539.10	-186.000	0.000	0.000	20.000	0.000	1	01	1.000	0	0.00	97-53-0	-				S		
01	V4500	0	0	VERAMOS  (EVERNYL)	12352000	KGM	KGS.	0.000	0.000	0.00	67.61	0.00	3.000	5.000	01	4	0.00	0.00	0.000	0.000	0.000	0.000	0.000	1	01	1.000	0	0.00								
01	E9500	0	0	EXALTOLIDE	12352000	KGM	KGS.	0.000	0.000	0.00	49.97	0.00	0.500	1.000	01	4	0.00	0.00	-35.000	0.000	0.000	0.000	0.000	1	01	1.000	0	0.00								
20	F5600	0	0	FABULOSO FLORAL RED	12352000	KGM	KGS.	0.000	0.000	0.00	44.98	22.49	10.000	25.000	20	4	0.00	0.00	0.000	0.000	0.000	0.000	0.000	1	20	1.000	0	0.00								
40	F0600	0	0	FRESA SABOR P.T.	12352000	KGM	KGS.	0.000	0.000	0.00	0.20	0.00	10.000	25.000	40	4	0.00	0.00	0.000	0.000	0.000	0.000	0.000	1	40	1.000	0	0.00								
01	F1000	0	0	FRAGANCIA MIEL	12352000	KGM	KGS.	0.000	0.000	0.00	29.06	14.53	10.000	20.000	01	4	0.00	0.00	0.000	0.000	0.000	0.000	0.000	1	01	1.000	0	0.00								
01	F1200	0	0			KGM	KGS.	0.000	0.000	0.00	0.00	0.00	0.000	0.000	01	4	0.00	0.00	0.000	0.000	0.000	0.000	0.000			1.000	0	0.00								
01	F1500	0	0			KGM	KGS.	0.000	0.000	0.00	0.00	0.00	0.000	0.000	01	4	0.00	0.00	0.000	0.000	0.000	0.000	0.000			1.000	0	0.00								
01	F1600	0	0		12352000	KGM	KGM	0.000	0.000	0.00	0.00	0.00	0.000	0.000	01	4	0.00	0.00	0.000	0.000	0.000	0.000	0.000			1.000	0	0.00								
01	F2200	0	0			KGM	KGS.	0.000	0.000	0.00	0.00	0.00	0.000	0.000	01	4	0.00	0.00	0.000	0.000	0.000	0.000	0.000			1.000	0	0.00								
01	F2400	0	0			KGM	KGM	0.000	0.000	0.00	0.00	0.00	0.000	0.000	01	4	0.00	0.00	0.000	0.000	0.000	0.000	0.000			1.000	0	0.00								
01	F2000	0	0			KGM	KGS.	0.000	0.000	0.00	0.00	0.00	0.000	0.000	01	4	0.00	0.00	0.000	0.000	0.000	0.000	0.000			1.000	0	0.00								
22	F2301	0	0	FENIL ETILO BUTIRATO AL 10%	12352000	KGM	KGS.	0.000	0.000	0.00	7.38	3.69	5.000	10.000	22	4	0.00	0.00	0.000	0.000	0.000	0.000	0.000	1	22	1.000	0	0.00								
01	F2300	0	0			KGM	KGS.	0.000	0.000	0.00	0.00	0.00	0.000	0.000	01	4	0.00	0.00	0.000	0.000	0.000	0.000	0.000			1.000	0	0.00								
01	F2600	0	0		12352000	KGM	KGM	0.000	0.000	0.00	14.71	0.00	0.000	0.000	01	4	0.00	0.00	-170.000	0.000	0.000	0.000	0.000			1.000	0	0.00								
10	H9000	0	0	FIJADOR BASE LIPOSOLUBLE	12352000	KGM	KGS.	0.000	0.000	0.00	7.82	3.91	5.000	10.000	10	4	0.00	0.00	0.000	0.000	0.000	0.000	0.000	1	10	1.000	0	57.00								
01	F3200	0	0	FIR BALSAM ABSOLUTO	12352000	KGM	KGS.	0.000	0.000	0.00	110.00	0.00	0.000	0.000	01	4	0.00	0.00	0.000	0.000	0.000	0.000	0.000	1	01	1.000	0	0.00								
03	F3251	0	0	FIR BALSAM BASE A	12352000	KGM	KGS.	0.000	0.000	0.00	16.72	8.36	2.000	5.000	03	4	0.00	0.00	0.000	0.000	0.000	0.000	0.000	1	03	1.000	0	0.00								
01	F4200	0	0	FIR BALSAM OLIFFAC	12352000	KGM	KGS.	2.070	2.070	0.00	159.40	60.84	0.500	1.000	01	4	329.96	329.96	0.000	0.000	0.000	0.000	0.000	1	01	1.000	0	0.00								
03	F3250	0	0	FIR BALSAM SUB FORMULA BASE	12352000	KGM	KGS.	0.000	0.000	0.00	32.02	16.01	5.000	10.000	03	4	0.00	0.00	0.000	0.000	0.000	0.000	0.000	1	03	1.000	0	41.00								
03	F4600	0	0	FIXATEUR 404	12352000	KGM	KGS.	0.000	0.000	0.00	283.00	0.00	5.000	10.000	03	4	0.00	0.00	0.000	0.000	0.000	0.000	0.000	1	03	1.000	0	0.00								
20	F4800	0	0	FLEX	12352000	KGM	KGS.	0.000	0.000	0.00	29.10	14.55	0.000	10.000	20	4	0.00	0.00	0.000	0.000	0.000	0.000	0.000	1	20	1.000	0	0.00								
20	F5000	0	0	FLEXI 184 A	12352000	KGM	KGS.	0.000	0.000	0.00	44.42	22.21	5.000	10.000	20	4	0.00	0.00	0.000	0.000	0.000	0.000	0.000	1	20	1.000	0	0.00								
21	F4850	0	0	FLEXI AG BASE FRAGANCIA	12352000	KGM	KGS.	0.000	0.000	0.00	32.52	16.26	5.000	10.000	21	4	0.00	0.00	0.000	0.000	0.000	0.000	0.000	1	21	1.000	0	0.00								
20	F5100	0	0	FLORAL SK FV 01	12352000	KGM	KGS.	0.000	0.000	0.00	29.94	14.97	10.000	20.000	20	4	0.00	0.00	0.000	0.000	0.000	0.000	0.000	1	20	1.000	1	15.19								
20	F5150	0	0	FLORAL PRIMAVERA	12352000	KGM	KGS.	0.000	0.000	0.00	13.78	6.89	5.000	10.000	20	4	0.00	0.00	0.000	0.000	0.000	0.000	0.000	1	20	1.000	0	0.00								
21	F5050	0	0	FLORAL SK BASE FRAGANCIA	12352000	KGM	KGS.	0.000	0.000	0.00	34.18	17.09	5.000	10.000	21	4	0.00	0.00	0.000	0.000	0.000	0.000	0.000	1	21	1.000	0	0.00								
22	F5200	0	0	FLORIFONE	12352000	KGM	KGS.	0.000	0.000	0.00	0.00	0.00	5.000	10.000	22	4	0.00	0.00	0.000	0.000	0.000	0.000	0.000	1	22	1.000	0	0.00								
01	F5800	0	0	FORMALDEHIDO	12352000	KGM	KGS.	9.180	9.180	0.00	1.90	0.00	0.000	0.000	01	4	17.44	17.44	0.000	0.000	0.000	0.000	0.000	1	01	1.000	0	0.00								
01	F6100	0	0	FORMIATO DE FENIL ETILO	12352000	KGM	KGS.	0.000	0.000	0.00	0.00	0.00	0.000	0.000	01	4	0.00	0.00	0.000	0.000	0.000	0.000	0.000	1	01	1.000	0	0.00								
01	F8200	0	0	FRAGAROME	12352000	KGM	KGS.	0.000	0.000	0.00	1500.00	0.00	0.000	0.000	01	4	0.00	0.00	0.000	0.000	0.000	0.000	0.000	1	01	1.000	0	0.00								
01	O8500	0	0	OXIFENILON  (HIDROXY FENIL BUTANONA)	12352000	KGM	KGS.	2.350	2.350	0.00	20.80	0.00	15.000	25.000	01	4	48.88	48.88	-132.500	0.000	0.000	0.000	0.000	1	01	1.000	0	0.00								
01	F8300	0	0	FRUCTUONE	12352000	KGM	KGS.	8.590	8.590	0.00	62.90	0.00	5.000	10.000	01	4	540.31	540.31	0.000	0.000	0.000	0.000	0.000	1	01	1.000	0	0.00								
01	F9500	0	0	FURFURAL	12352000	KGM	KGS.	10.000	10.000	0.00	10.00	0.00	15.000	25.000	01	4	100.00	100.00	-58.000	0.000	0.000	0.000	0.000	1	01	1.000	0	0.00	98-01-1	1199		S			S	
01	F9600	0	0	FURFURYL MERCAPTANO	12352000	KGM	KGS.	0.000	0.000	0.00	145.00	0.00	0.200	1.000	01	4	0.00	0.00	-5.000	0.000	0.000	0.000	0.000	1	01	1.000	0	0.00								
01	G0500	0	0	GALAXOLIDE	12352000	KGM	KGS.	36.950	0.000	0.00	7.10	1.18	50.000	150.000	01	4	293.75	98.10	-3611.800	0.000	0.000	-60.000	0.000	1	01	1.000	0	0.00	1222-05-5	3082				S		S
01	G1000	0	0	GALBANUM AC. ESC.	12352000	KGM	KGS.	0.000	0.000	0.00	48.00	0.00	1.000	3.000	01	4	0.00	0.00	0.000	0.000	0.000	0.000	0.000	1	01	1.000	0	0.00								
01	G1500	0	0	GALBANUM RESINOIDE	12352000	KGM	KGS.	0.180	0.180	0.00	56.20	0.00	1.000	3.000	01	4	10.12	10.12	-16.000	0.000	0.000	0.000	0.000	1	01	1.000	0	0.00								
21	G1600	0	0	GARDENIAS BASE FRAGANCIA	12352000	KGM	KGS.	0.000	0.000	0.00	0.00	0.00	10.000	25.000	21	4	0.00	0.00	0.000	0.000	0.000	0.000	0.000	1	21	1.000	0	0.00								
01	G1800	0	0	GASNAFTA	12352000	KGM	KGS.	3.800	25.000	0.00	1.66	0.00	5.000	10.000	01	4	6.31	41.51	0.000	0.000	0.000	0.000	0.000	1	01	1.000	0	0.00								
01	G2500	0	0	GERANILO ACETATO DE	12352000	KGM	KGS.	0.000	0.000	0.00	19.60	0.00	25.000	50.000	01	4	0.00	0.00	-15.800	0.000	0.000	0.000	0.000	1	01	1.000	0	0.00								
01	G2600	0	0	GERANILO BUTIRATO DE	12352000	KGM	KGS.	0.000	0.000	0.00	45.00	0.00	15.000	20.000	01	4	0.00	0.00	-6.000	0.000	0.000	0.000	0.000	1	01	1.000	0	0.00								
01	F2700	0	0	FORMIATO DE GERANILO	12352000	KGM	KGS.	0.000	0.000	0.00	23.15	0.00	5.000	8.000	01	4	0.00	0.00	0.000	0.000	0.000	0.000	0.000	1	01	1.000	0	0.00								
01	G2900	0	0	GERANILO PROPIONATO DE	12352000	KGM	KGS.	0.000	0.000	0.00	40.30	0.00	3.000	5.000	01	4	0.00	0.00	0.000	0.000	0.000	0.000	0.000	1	01	1.000	0	0.00								
01	G3000	0	0	GERANIO BOURBON AC. ESC.	12352000	KGM	KGS.	0.000	0.000	0.00	0.00	0.00	3.000	5.000	01	4	0.00	-32.40	-16.000	0.000	0.000	0.000	0.000	1	01	1.000	0	0.00								
22	G2950	0	0	GERANIO GM 03	12352000	KGM	KGS.	0.000	0.000	0.00	73.78	36.89	5.000	10.000	22	4	0.00	0.00	0.000	0.000	0.000	0.000	0.000	1	22	1.000	0	74.90								
22	G2960	0	0	GERANIO SINTETICO GM	12352000	KGM	KGS.	0.000	0.000	0.00	23.86	11.93	5.000	10.000	22	4	0.00	0.00	0.000	0.000	0.000	0.000	0.000	1	22	1.000	0	0.00								
01	G4000	0	0	GERANIOL	12352000	KGM	KGM.	0.000	0.000	0.00	11.50	12.70	100.000	180.000	01	4	0.00	-1632.00	-1162.000	0.000	0.000	0.000	0.000	1	01	1.000	0	0.00	106-24-1	-			S	S	F	
20	G6000	0	0	GARDENIAS AG 01	12352000	KGM	KGS.	0.000	0.000	0.00	3.28	1.64	5.000	10.000	20	4	0.00	0.00	0.000	0.000	0.000	0.000	0.000	1	20	1.000	0	0.00								
01	G6500	0	0	GLICERILO MONOESTEARATO DE	12352000	KGM	KGS.	0.000	0.000	0.00	1.17	0.00	0.000	0.000	01	4	0.00	0.00	0.000	0.000	0.000	0.000	0.000	1	01	1.000	0	0.00								
01	G7000	0	0	GLICERINA	12352000	KGM	KGS.	11.020	11.020	0.00	2.00	0.00	5.000	8.000	01	4	22.04	22.04	-31.200	0.000	0.000	0.000	0.000	1	01	1.000	0	0.00								
01	G7500	0	0	GRISALVA	12352000	KGM	KGS.	0.000	0.000	0.00	3500.00	0.00	1.000	0.000	01	4	0.00	0.00	0.000	0.000	0.000	0.000	0.000	1	01	1.000	0	0.00								
01	G8500	0	0	GUAYACO DEL PALO AC. ESC.	12352000	KGM	KGS.	0.250	0.250	0.00	52.80	0.00	5.000	8.000	01	4	13.20	13.20	-5.900	0.000	0.000	0.000	0.000	1	01	1.000	0	0.00								
20	H0300	0	0	HEAD SHOULDER FRAGANCIA	12352000	KGM	KGS.	0.000	0.000	0.00	1.10	0.00	5.000	10.000	20	4	0.00	0.00	0.000	0.000	0.000	0.000	0.000	1	20	1.000	0	0.00								
01	H0500	0	0	HEDIONE ***	12352000	KGM	KGS.	5.000	0.000	0.00	8.30	0.00	10.000	15.000	01	4	62.50	-567.50	-66.000	0.000	0.000	-180.000	0.000	1	01	1.000	0	0.00								
01	H1000	0	0	HELIONAL	12352000	KGM	KGS.	2.000	2.000	0.00	25.74	0.00	5.000	10.000	01	4	51.48	51.48	-4.000	0.000	0.000	0.000	0.000	1	01	1.000	0	0.00								
01	H1200	0	0			KGM	KGS.	0.000	0.000	0.00	0.00	0.00	0.000	0.000	01	4	0.00	0.00	0.000	0.000	0.000	0.000	0.000			1.000	0	0.00								
01	H1210	0	0	HELYOTROPYL ACE	12352000	KGM	KGS.	0.000	0.000	0.00	250.00	0.00	0.000	0.000	01	4	0.00	0.00	0.000	0.000	0.000	0.000	0.000	1	01	1.000	0	0.00								
20	H2500	0	0	HERBAL	12352000	KGM	KGS.	0.000	0.000	0.00	13.52	6.76	5.000	10.000	20	4	0.00	0.00	0.000	0.000	0.000	0.000	0.000	1	20	1.000	0	0.00								
20	H2100	0	0	HERBAL AG SOL	12352000	KGM	KGS.	0.000	0.000	0.00	12.84	6.42	5.000	10.000	20	4	0.00	0.00	0.000	0.000	0.000	0.000	0.000	1	20	1.000	0	0.00								
20	H2510	0	0	HERBAL 134 C	12352000	KGM	KGS.	0.000	0.000	0.00	18.60	9.30	5.000	10.000	20	4	0.00	0.00	0.000	0.000	0.000	0.000	0.000	1	20	1.000	1	14.00								
21	H2700	0	0	HERBAL No. 2	12352000	KGM	KGS.	0.000	0.000	0.00	15.92	7.96	5.000	10.000	21	4	0.00	0.00	0.000	0.000	0.000	0.000	0.000	1	21	1.000	0	0.00								
20	H2600	0	0	HERBAL BOSQUES 381	12352000	KGM	KGS.	0.000	0.000	0.00	44.18	22.09	5.000	10.000	20	4	0.00	0.00	0.000	0.000	0.000	0.000	0.000	1	20	1.000	1	14.00								
20	H2200	0	0	HERBAL CM 54 GM	12352000	KGM	KGS.	0.000	0.000	0.00	19.56	9.78	5.000	10.000	20	4	0.00	0.00	0.000	0.000	0.000	0.000	0.000	1	20	1.000	0	0.00								
20	H2000	0	0	HERBAL FLORAL	12352000	KGM	KGS.	0.000	0.000	0.00	26.64	13.32	5.000	10.000	20	4	0.00	0.00	0.000	0.000	0.000	0.000	0.000	1	20	1.000	1	14.00								
01	H3000	0	0	HERCOLYN D	12352000	KGM	KGS.	0.000	4.370	0.00	12.00	0.00	30.000	50.000	01	4	0.00	377.30	-183.000	0.000	0.000	0.000	0.000	1	01	1.000	0	0.00	8050-15-5	-				S		
22	H3600	0	0	HEXALON 10%	12352000	KGM	KGS.	0.000	0.000	0.00	18.54	9.27	1.000	5.000	22	4	0.00	0.00	0.000	0.000	0.000	0.000	0.000	1	22	1.000	0	0.00								
03	H3601	0	0	HEXALON 10% DPG	12352000	KGM	KGS.	0.000	0.000	0.00	18.54	9.27	1.000	5.000	03	4	0.00	0.00	0.000	0.000	0.000	0.000	0.000	1	03	1.000	0	0.00								
01	H4000	0	0	HEXANONE 3	12352000	KGM	KGS.	0.000	0.000	0.00	0.00	0.00	0.000	0.000	01	4	0.00	0.00	0.000	0.000	0.000	0.000	0.000	1	01	1.000	0	0.00								
01	H4500	0	0	HEXIL CINAMICO ALDEHIDO	12352000	KGM	KGS.	4.260	0.670	0.00	6.69	0.00	50.000	150.000	01	4	27.69	-1195.69	-410.000	0.000	0.000	580.000	0.000	1	01	1.000	0	0.00								
01	H5000	0	0	HEXILO ACETATO DE	12352000	KGM	KGS.	0.000	0.000	0.00	6.13	0.00	0.000	0.000	01	4	0.00	-168.08	-98.000	0.000	0.000	30.000	0.000	1	01	1.000	0	0.00	142-92-7							
01	H5100	0	0	HEXILO SALICILATO DE ***	12352000	KGM	KGS.	30.990	0.000	0.00	5.97	0.00	5.000	10.000	01	4	151.54	-1124.68	-383.000	0.000	0.000	0.000	0.000	1	01	1.000	0	0.00								
01	H5500	0	0	HIDRATROPICO ALDEHIDO	12352000	KGM	KGS.	0.000	0.000	0.00	58.20	0.00	2.000	5.000	01	4	0.00	582.00	0.000	0.000	0.000	0.000	0.000	1	01	1.000	0	0.00								
01	H6000	0	0	HIDRATROPICO ALDEHIDO DIMETIL ACETAL	12352000	KGM	KGS.	0.000	0.000	0.00	0.00	0.00	0.000	0.000	01	4	0.00	0.00	0.000	0.000	0.000	0.000	0.000	1	01	1.000	0	0.00								
22	H6102	0	0	HIDRONAL 484 A	12352000	KGM	KGS.	0.000	0.000	0.00	14.40	7.20	5.000	10.000	22	4	0.00	0.00	-8.000	0.000	0.000	0.000	0.000	1	22	1.000	0	0.00								
22	H6100	0	0	HIDRONAL GM 02	12352000	KGM	KGS.	0.000	0.000	0.00	14.40	7.20	1.000	5.000	22	4	0.00	0.00	0.000	0.000	0.000	0.000	0.000	1	22	1.000	0	0.00								
22	H6101	0	0	HIDROXAL 0588	12352000	KGM	KGS.	0.000	0.000	0.00	11.20	5.60	1.000	5.000	22	4	0.00	0.00	0.000	0.000	0.000	0.000	0.000	1	22	1.000	0	0.00								
01	H6500	0	0	HIDROXICITRONELLAL	12352000	KGM	KGS.	0.685	0.685	0.00	30.00	0.00	10.000	25.000	01	4	20.21	-4541.29	-7.000	0.000	0.000	0.000	0.000	1	01	1.000	0	0.00								
01	H6510	0	0	HIERBABUENA AC. ESC.	12352000	KGM	KGM.	29.510	25.700	0.00	27.60	2.67	10.000	20.000	01	4	814.48	802.02	-455.500	0.000	0.000	0.000	0.000	1	01	1.000	0	0.00								
01	H7250	0	0	HINOJO DULCE AC. ESC.	12352000	KGM	KGM	0.150	0.150	0.00	56.97	0.00	1.000	2.000	01	4	8.55	8.55	0.000	0.000	0.000	-3.000	0.000	1	01	1.000	0	0.00								
22	H7000	0	0	HEXILO ACETATO AL 5%	12352000	KGM	KGS.	0.000	0.000	0.00	0.00	0.00	1.000	5.000	22	4	0.00	0.00	0.000	0.000	0.000	0.000	0.000	1	22	1.000	0	0.00								
22	H7500	0	0	HIDROXI SUBST 4818	12352000	KGM	KGS.	0.000	0.000	0.00	0.00	0.00	1.000	5.000	22	4	0.00	0.00	0.000	0.000	0.000	0.000	0.000	1	22	1.000	0	0.00								
01	H7700	0	0	HOJAS DE CANELA AC. ESC.	12352000	KGM	KGM	0.000	5.300	0.00	35.50	0.00	3.000	5.000	01	4	0.00	-2249.18	-461.800	0.000	0.000	-65.000	0.000	1	01	1.000	0	0.00	8015 91 6							
01	H8000	0	0	HOJAS DE CEDRO AC. ESC.	12352000	KGM	KGS.	0.000	0.000	0.00	162.00	0.00	2.000	3.000	01	4	0.00	763.70	-2.000	0.000	0.000	0.000	0.000	1	01	1.000	0	0.00								
01	H8200	0	0	AC.ESC. CLAVO SOLO SI NO HAY MEZCLA	12352000	KGM	KGM	25.961	0.000	0.00	26.00	20.85	25.000	50.000	01	4	511.43	259.02	-312.000	0.000	0.000	-183.000	0.000	1	01	1.000	0	0.00								
01	I1000	0	0	INDOL	12352000	KGM	KGS.	0.070	0.070	0.00	34.62	0.00	2.000	5.000	01	4	2.42	2.42	-1.000	0.000	0.000	0.000	0.000	1	01	1.000	0	0.00								
01	I2000	0	0	IONONA ALFA	12352000	KGM	KGS.	0.000	0.000	0.00	18.90	0.00	25.000	50.000	01	4	0.00	131.80	-818.500	0.000	0.000	-36.000	0.000	1	01	1.000	0	0.00	127-41-3	-					S	
01	I3000	0	0	IONONA BETA	12352000	KGM	KGS.	0.000	0.000	0.00	21.35	0.00	10.000	20.000	01	4	0.00	0.00	-1.000	0.000	0.000	0.000	0.000	1	01	1.000	0	0.00	14901-07-6	-				S		
01	I3100	0	0	IRIS CONCRETO	12352000	KGM	KGS.	0.000	0.000	0.00	857.85	0.00	0.000	0.000	01	4	0.00	0.00	0.000	0.000	0.000	0.000	0.000	1	01	1.000	0	0.00								
01	I3660	0	0	ISO AMILO ACETATO DE	12352000	KGM	KGM.	0.000	0.000	0.00	7.48	0.00	75.000	100.000	01	4	0.00	-784.27	-2160.300	0.000	0.000	54.000	0.000	1	01	1.000	0	0.00	123-92-2	1104						
01	I3650	0	0	ISO AMILO BUTIRATO DE	12352000	KGM	KGS.	0.000	0.000	0.00	6.75	0.00	1.000	3.000	01	4	0.00	1087.05	-277.300	0.000	0.000	41.000	0.000	1	01	1.000	0	0.00								
01	I3600	0	0	ISO AMILO VALERIANATO DE	12352000	KGM	KGS.	0.000	0.000	0.00	29.00	0.00	10.000	20.000	01	4	0.00	562.50	-207.000	0.000	0.000	0.000	0.000	1	01	1.000	0	0.00	659-70-1							
01	I3700	0	0	ISO BUTYL FENIL ACETATO	12352000	KGM	KGS.	0.000	0.000	0.00	9.75	0.00	3.000	5.000	01	4	0.00	0.00	0.000	0.000	0.000	0.000	0.000	1	01	1.000	0	0.00								
01	I4500	0	0	ISO CICLO CITRAL	12352000	KGM	KGS.	0.120	0.120	0.00	22.63	0.00	5.000	10.000	01	4	2.72	2.72	0.000	0.000	0.000	0.000	0.000	1	01	1.000	0	0.00								
01	I5500	0	0	ISO E SUPER	12352000	KGM	KGS.	5.240	0.230	0.00	12.10	0.00	5.000	10.000	01	4	48.73	-4213.87	-180.000	0.000	0.000	0.000	0.000	1	01	1.000	0	0.00	54464-57-2	-				S		
01	I6000	0	0	ISO EUGENOL	12352000	KGM	KGS.	4.800	0.690	0.00	32.50	0.00	5.000	10.000	01	4	156.00	184.03	-1.000	0.000	0.000	0.000	0.000	1	01	1.000	0	0.00								
01	I6100	0	0	ISO JASMONE	12352000	KGM	KGS.	0.000	0.000	0.00	218.00	0.00	0.500	1.000	01	4	0.00	0.00	0.000	0.000	0.000	0.000	0.000	1	01	1.000	0	0.00								
22	I6101	0	0	ISO JASMONE 10%	12352000	KGM	KGS.	0.000	0.000	0.00	50.98	25.49	1.000	5.000	22	4	0.00	0.00	0.000	0.000	0.000	0.000	0.000	1	22	1.000	0	0.00								
01	A7350	0	0	ALCOHOL  AMILICO	12352000	KGM	KGM	0.000	0.000	0.00	6.00	0.00	10.000	20.000	01	4	0.00	0.00	-256.000	0.000	0.000	0.000	0.000	1	01	1.000	0	0.00								
01	I6500	0	0	ISOBORNILO ACETATO DE	12352000	KGM	KGS.	103.800	0.000	0.00	9.27	0.00	2000.000	4000.000	01	4	570.90	-27090.05	-2389.000	0.000	0.000	0.000	0.000	1	01	1.000	0	0.00	125 12 2							
01	I7500	0	0	ISOBUTIL QUINOLEINE	12352000	KGM	KGS.	0.130	0.130	0.00	598.00	0.00	0.500	1.000	01	4	77.74	77.74	0.000	0.000	0.000	0.000	0.000	1	01	1.000	0	0.00								
01	I7000	0	0	BUTILO ACETATO DE	12352000	KGM	KGM	0.000	0.000	0.00	13.41	0.00	100.000	200.000	01	4	0.00	9.90	-4948.800	0.000	0.000	0.000	0.000	1	01	1.000	0	0.00								
01	I7100	0	0	ISOBUTILO SALICILATO DE	12352000	KGM	KGS.	0.000	0.000	0.00	6.25	0.00	0.500	1.000	01	4	0.00	0.00	0.000	0.000	0.000	0.000	0.000	1	01	1.000	0	0.00								
01	I6600	0	0	ISONONILO ACETATO DE	12352000	KGM	KGS.	0.000	0.000	0.00	7.25	0.00	0.000	0.000	01	4	0.00	0.00	0.000	0.000	0.000	0.000	0.000	1	01	1.000	0	0.00								
01	I9000	0	0	ISOPROPILO PALMITATO DE	12352000	KGM	KGS.	7.720	7.710	0.00	2.60	0.00	5.000	10.000	01	4	20.07	20.04	0.000	0.000	0.000	0.000	0.000	1	01	1.000	0	0.00								
01	J1015	0	0	JAZMIN ITALIAN CONCRETE	12352000	KGM	KGS.	0.000	0.000	0.00	0.00	0.00	0.000	0.000	01	4	0.00	0.00	0.000	0.000	0.000	0.000	0.000	1	01	1.000	0	0.00								
01	J1000	0	0	JASMAL	12352000	KGM	KGS.	0.000	0.000	0.00	25.50	0.00	0.000	0.000	01	4	0.00	0.00	0.000	0.000	0.000	0.000	0.000	1	01	1.000	0	0.00								
01	J1050	0	0	JASMONYL ***	12352000	KGM	KGS.	0.000	0.000	0.00	24.90	0.00	5.000	7.000	01	4	0.00	0.00	-2.000	0.000	0.000	0.000	0.000	1	01	1.000	0	0.00								
22	J1011	0	0	JAZMIN ABS AL 10% DEF	12352000	KGM	KGS.	0.000	0.000	0.00	342.34	171.17	0.100	0.500	22	4	0.00	0.00	0.000	0.000	0.000	0.000	0.000	1	22	1.000	0	0.00								
01	J1010	0	0	JAZMIN ABSOLUTO	12352000	KGM	KGS.	0.280	0.280	0.00	1690.00	0.00	0.000	0.000	01	4	473.20	473.20	0.000	0.000	0.000	0.000	0.000	1	01	1.000	0	0.00								
22	J1100	0	0	JAZMIN SUBST FORMULA	12352000	KGM	KGS.	0.000	0.000	0.00	51.28	25.64	0.200	0.500	22	4	0.00	0.00	-1.000	0.000	0.000	0.000	0.000	1	22	1.000	0	0.00								
20	J3000	0	0	JOJOBA AG 01	12352000	KGM	KGS.	0.000	0.000	0.00	16.40	8.20	5.000	10.000	20	4	0.00	0.00	0.000	0.000	0.000	0.000	0.000	1	20	1.000	0	0.00								
01	J3100	0	0	JUNIPER BERRY OIL	12352000	KGM	KGM	0.000	0.210	0.00	87.71	0.00	1.000	2.000	01	4	0.00	1231.09	-8.100	0.000	0.000	-3.000	0.000	1	01	1.000	0	0.00								
21	J8000	0	0	JOJOBA BASE FRAGANCIA	12352000	KGM	KGS.	0.000	0.000	0.00	0.00	0.00	5.000	10.000	21	4	0.00	0.00	0.000	0.000	0.000	0.000	0.000	1	21	1.000	0	0.00								
01	L0500	0	0	LABDANOL	12352000	KGM	KGS.	0.000	0.000	0.00	66.10	0.00	0.000	0.000	01	4	0.00	0.00	0.000	0.000	0.000	0.000	0.000	1	01	1.000	0	0.00								
01	L1000	0	0	LABDANUM RESINOIDE	12352000	KGM	KGS.	0.540	0.540	0.00	125.00	0.00	1.000	5.000	01	4	67.50	67.50	0.000	0.000	0.000	0.000	0.000	1	01	1.000	0	0.00								
01	T3000	0	0	TEXAPON.  LAURIL ETHER SULFATO DE SODIO	12352000	KGM	KGS.	11.570	11.560	0.00	3.00	0.00	10.000	15.000	01	4	34.71	34.68	0.000	0.000	0.000	0.000	0.000	1	01	1.000	0	0.00								
20	L1500	0	0	LAVANDA 159	12352000	KGM	KGS.	0.000	0.000	0.00	41.02	20.51	5.000	10.000	20	4	0.00	0.00	0.000	0.000	0.000	0.000	0.000	1	20	1.000	0	0.00								
01	L2200	0	0	LAVANDA AC.ESC	12352000	KGM	KGS.	0.000	3.880	0.00	28.80	0.00	10.000	15.000	01	4	0.00	1005.58	-1093.100	0.000	0.000	0.000	0.000	1	01	1.000	0	0.00								
20	L1550	0	0	LAVANDA	12352000	KGM	KGS.	0.000	0.000	0.00	14.24	7.12	5.000	10.000	20	4	0.00	0.00	-3.000	0.000	0.000	0.000	0.000	1	20	1.000	0	0.00								
01	L2000	0	0	LAVANDIN ABRIALIS AC. ESC.	12352000	KGM	KGS.	0.000	0.000	0.00	20.00	0.00	50.000	70.000	01	4	0.00	119.88	-99.180	0.000	0.000	0.000	0.000	1	01	1.000	0	0.00	8022 15 9							
20	L2500	0	0	LEMONGRASS FRAGANCIA	12352000	KGM	KGS.	0.000	0.000	0.00	14.80	7.40	10.000	25.000	20	4	0.00	0.00	0.000	0.000	0.000	0.000	0.000	1	20	1.000	0	0.00								
01	L2700	0	0	LEMONGRASS REDESTILADO AC. ESC.	12352000	KGM	KGM.	0.000	0.000	0.00	0.00	8.79	0.000	0.000	01	4	0.00	-3605.00	-76.000	0.000	0.000	0.000	0.000	1	01	1.000	0	10.50								
22	L3500	0	0	LIATRIX ABSOLUTO	12352000	KGM	KGS.	0.000	0.000	0.00	0.00	0.00	1.000	5.000	22	4	0.00	0.00	0.000	0.000	0.000	0.000	0.000	1	22	1.000	0	0.00								
22	L3800	0	0	LILAS FLOR 0378	12352000	KGM	KGS.	0.000	0.000	0.00	22.68	11.34	1.000	5.000	22	4	0.00	0.00	0.000	0.000	0.000	0.000	0.000	1	22	1.000	0	0.00								
01	L4000	0	0	LILIAL	12352000	KGM	KGS.	0.355	0.355	0.00	9.82	0.00	100.000	125.000	01	4	2.95	-19122.35	-1395.000	0.000	0.000	370.000	0.000	1	01	1.000	0	0.00	80-54-6	3082				S	S	S
22	L4001	0	0	LILIAL AL 10%	12352000	KGM	KGS.	0.000	0.000	0.00	9.48	4.74	1.000	5.000	22	4	0.00	0.00	0.000	0.000	0.000	0.000	0.000	1	22	1.000	0	0.00								
01	L4200	0	0	LIMON MEXICANO CENTRIFUGADO AC. ESC.	12352000	KGM	KGS.	0.250	0.000	0.00	40.00	17.34	5.000	10.000	01	4	6.23	1042.73	-379.000	0.000	0.000	0.000	0.000	1	01	1.000	0	0.00								
20	L4205	0	0	LIMON  AROMA	12352000	KGM	KGS.	0.000	0.000	0.00	0.01	0.00	5.000	10.000	20	4	0.00	0.00	0.000	0.000	0.000	0.000	0.000	1	20	1.000	0	0.00								
01	L4500	0	0	LIMON DESTILADO AC. ESC.	12352000	KGM	KGM	0.000	0.000	0.00	40.00	40.71	5.000	10.000	01	4	0.00	93.90	-417.600	0.000	0.000	0.000	0.000	1	Ç1	1.000	0	0.00								
01	L1151	0	0	LIMON EXPRIMIDO EN FRIO AC. ESC.	12352000	KGM	KGS.	0.000	0.000	0.00	0.00	0.00	0.000	0.000	01	4	0.00	0.00	0.000	0.000	0.000	0.000	0.000	1	01	1.000	0	0.00								
01	L4100	0	0	LIMON TIPO CALIFORNIA AC. ESC.	12352000	KGM	KGM.	6.650	6.500	0.00	0.00	0.00	8.000	10.000	01	4	0.00	0.00	-628.000	0.000	0.000	0.000	0.000	1	01	1.000	0	0.00	8008 56 8							
01	L4600	0	0	LIMON TERPENOS  CENTRIFUGADO	12352000	KGM	KGS.	7.950	7.870	0.00	12.50	5.24	10.000	15.000	01	4	99.38	98.38	-128.000	0.000	0.000	0.000	0.000	1	01	1.000	0	0.00								
22	L4206	0	0	LIMON SX 4118	12352000	KGM	KGS.	0.000	0.000	0.00	39.88	19.94	5.000	10.000	22	4	0.00	0.00	0.000	0.000	0.000	0.000	0.000	1	22	1.000	0	0.00								
22	L4601	0	0	LIMON TERPENOS     SX 8165	12352000	KGM	KGS.	0.000	0.000	0.00	19.22	9.61	5.000	10.000	22	4	0.00	0.00	0.000	0.000	0.000	0.000	0.000	1	22	1.000	0	0.00								
22	L4101	0	0	LIMON TIPO CALIFORNIA   SX 9765	12352000	KGM	KGS.	0.000	0.000	0.00	54.12	27.06	5.000	10.000	22	4	0.00	0.00	0.000	0.000	0.000	0.000	0.000	1	22	1.000	0	0.00								
01	L5000	0	0	LINALILO ACETATO DE	12352000	KGM	KGS.	0.000	0.000	0.00	14.80	17.90	25.000	40.000	01	4	0.00	-17.80	-111.000	0.000	0.000	0.000	0.000	1	01	1.000	0	0.00	115 95 7							
01	L6000	0	0	LINALILO ISOBUTIRATO DE	12352000	KGM	KGS.	0.000	0.000	0.00	49.20	0.00	0.000	0.000	01	4	0.00	0.00	0.000	0.000	0.000	0.000	0.000	1	01	1.000	0	0.00								
01	L6200	0	0	LINALILO OXIDO DE	12352000	KGM	KGS.	0.000	0.000	0.00	62.70	0.00	2.000	5.000	01	4	0.00	0.00	0.000	0.000	0.000	0.000	0.000	1	01	1.000	0	0.00								
01	L7000	0	0	LINALILO PROPIONATO DE	12352000	KGM	KGS.	0.000	0.000	0.00	53.90	0.00	0.000	0.000	01	4	0.00	0.00	0.000	0.000	0.000	0.000	0.000	1	01	1.000	0	0.00								
01	L8000	0	0	LINALOOL	12352000	KGM	KGS.	0.000	0.000	0.00	12.31	12.50	50.000	100.000	01	4	0.00	602.00	-168.000	0.000	0.000	0.000	0.000	1	01	1.000	0	0.00	78-70-6	-				S		
22	L8200	0	0	LIQUID CREAM 0467A	12352000	KGM	KGS.	0.000	0.000	0.00	19.08	9.54	1.000	5.000	22	4	0.00	0.00	0.000	0.000	0.000	0.000	0.000	1	22	1.000	0	0.00								
01	L8550	0	0	LIRIO RESINOIDE     ORRIS ROOTS	12352000	KGM	KGS.	0.000	0.000	0.00	320.00	0.00	0.000	0.000	01	4	0.00	0.00	0.000	0.000	0.000	0.000	0.000	1	01	1.000	0	0.00								
01	L8600	0	0	LITZEA CUBEBA	12352000	KGM	KGM	0.000	0.000	0.00	45.30	31.42	30.000	50.000	01	4	0.00	38.60	-387.000	0.000	0.000	0.000	0.000	1	01	1.000	0	0.00								
01	L9000	0	0	LYRAL	12352000	KGM	KGS.	0.000	0.000	0.00	32.80	0.00	8.000	15.000	01	4	0.00	89.75	-40.000	0.000	0.000	0.000	0.000	1	01	1.000	0	0.00	67634-12-2	-				S		
01	G7700	0	0	GUAYACOL	12352000	KGM	KGS.	0.000	0.000	0.00	14.95	0.00	2.000	6.000	01	4	0.00	0.00	-1042.800	0.000	0.000	0.000	0.000	1	01	1.000	0	0.00	90-05-1	-				S		
20	M0500	0	0	MAESTRO LIMPIO	12352000	KGM	KGS.	0.000	0.000	0.00	1.00	0.00	5.000	10.000	20	4	0.00	0.00	0.000	0.000	0.000	0.000	0.000	1	20	1.000	0	0.00								
20	M0510	0	0	MAESTRO LIMPIO CONTRATIPO AG 01   598	12352000	KGM	KGS.	0.000	0.000	0.00	1.10	0.00	10.000	25.000	20	4	0.00	0.00	0.000	0.000	0.000	0.000	0.000	1	20	1.000	0	0.00								
20	M0511	0	0	MAESTRO LIMPIO ECONOMICO   598 A	12352000	KGM	KGS.	0.000	0.000	0.00	20.48	10.24	5.000	10.000	20	4	0.00	0.00	0.000	0.000	0.000	0.000	0.000	1	20	1.000	0	0.00								
22	V4100	0	0	MALTOL 1%	12352000	KGM	KGS.	0.000	0.000	0.00	5.16	2.58	1.000	5.000	22	4	0.00	0.00	0.000	0.000	0.000	0.000	0.000	1	22	1.000	0	0.00								
01	M0400	0	0	MANDARINA AC. ESC.	12352000	KGM	KGS.	0.000	0.000	0.00	28.00	18.00	5.000	10.000	01	4	0.00	28.00	-27.300	0.000	0.000	0.000	0.000	1	01	1.000	0	0.00								
41	M2400	0	0	MANTEQUILLA BASE SABOR	12352000	KGM	KGS.	0.000	0.000	0.00	0.00	0.00	5.000	10.000	41	4	0.00	0.00	0.000	0.000	0.000	0.000	0.000	1	41	1.000	0	0.00								
21	M0600	0	0	MANZANA No.2 RBT	12352000	KGM	KGS.	0.000	0.000	0.00	16.56	8.28	5.000	10.000	21	4	0.00	0.00	0.000	0.000	0.000	0.000	0.000	1	21	1.000	0	0.00								
20	M0700	0	0	MANZANA	12352000	KGM	KGS.	0.000	0.000	0.00	13.68	6.84	5.000	10.000	20	4	0.00	0.00	0.000	0.000	0.000	0.000	0.000	1	20	1.000	0	0.00								
01	M0800	0	0	MANZANILLA ROMANA AC. ESC.	12352000	KGM	KGS.	0.000	0.000	0.00	896.55	0.00	1.000	2.000	01	4	0.00	0.00	0.000	0.000	0.000	0.000	0.000	1	01	1.000	0	0.00								
22	M0809	0	0	MANZANILLA AC. ESC.  AL 5%	12352000	KGM	KGS.	0.000	0.000	0.00	97.44	48.72	1.000	5.000	22	4	0.00	0.00	0.000	0.000	0.000	0.000	0.000	1	22	1.000	0	0.00								
20	M1000	0	0	MANZANILLA AG 01	12352000	KGM	KGS.	0.000	0.000	0.00	24.00	12.00	1.000	5.000	20	4	0.00	0.00	0.000	0.000	0.000	0.000	0.000	1	20	1.000	0	0.00								
22	M0900	0	0	MANZANILLA SUBSTITUTO	12352000	KGM	KGS.	0.000	0.000	0.00	0.00	0.00	1.000	5.000	22	4	0.00	0.00	0.000	0.000	0.000	0.000	0.000	1	22	1.000	0	0.00								
22	M1200	0	0	MATE ABS 25%	12352000	KGM	KGS.	0.000	0.000	0.00	0.00	0.00	0.200	0.500	22	4	0.00	0.00	0.000	0.000	0.000	0.000	0.000	1	22	1.000	0	0.00								
01	M1300	0	0	MELONAL	12352000	KGM	KGS.	0.000	0.000	0.00	42.30	0.00	3.000	5.000	01	4	0.00	0.00	-49.000	0.000	0.000	0.000	0.000	1	01	1.000	0	0.00	106-72-9	1989				S		
01	M1400	0	0	MENTA PIPERITA	12352000	KGM	KGS.	0.000	48.100	0.00	21.60	0.00	0.000	0.000	01	4	0.00	983.89	-341.300	0.000	0.000	0.000	0.000	1	01	1.000	0	0.00								
01	M1600	0	0	MENTANILO ACETATO DE	12352000	KGM	KGS.	0.000	0.000	0.00	16.00	0.00	5.000	10.000	01	4	0.00	0.00	0.000	0.000	0.000	0.000	0.000	1	01	1.000	0	0.00								
01	M1800	0	0	MENTHOL SINTETICO	12352000	KGM	KGS.	24.000	23.725	0.00	21.85	0.00	25.000	50.000	01	4	526.80	1777.68	-264.000	0.000	0.000	0.000	0.000	1	01	1.000	0	0.00								
01	M1700	0	0	MENTHONE	12352000	KGM	KGS.	0.000	0.000	0.00	13.72	0.00	5.000	10.000	01	4	0.00	0.00	0.000	0.000	0.000	0.000	0.000	1	01	1.000	0	0.00								
22	M2000	0	0	METHIL IONONA GAMA AL 10% ALCOHOL	12352000	KGM	KGS.	0.000	0.000	0.00	0.00	0.00	1.000	5.000	22	4	0.00	0.00	0.000	0.000	0.000	0.000	0.000	1	22	1.000	0	0.00								
20	M2050	0	0	MAR FRSCO FRAG AG 01	12352000	KGM	KGS.	0.000	0.000	0.00	46.40	23.20	5.000	10.000	20	4	0.00	0.00	0.000	0.000	0.000	0.000	0.000	1	20	1.000	0	0.00								
01	M1650	0	0	METANOL	12352000	KGM	KGS.	0.000	0.000	0.00	0.70	0.00	0.000	10.000	01	4	0.00	0.00	0.000	0.000	0.000	0.000	0.000	1	01	1.000	0	0.00								
01	M2105	0	0	METHIL CHAVICOL	12352000	KGM	KGS.	0.000	0.000	0.00	87.08	0.00	5.000	10.000	01	4	0.00	166.16	0.000	0.000	0.000	2.000	0.000	1	01	1.000	0	0.00								
01	M2900	0	0	METHIL IONONA GAMA	12352000	KGM	KGS.	0.000	10.000	0.00	18.50	0.00	50.000	100.000	01	4	0.00	573.20	-34.300	0.000	0.000	0.000	0.000	1	01	1.000	0	0.00								
01	M2100	0	0	METIL ACETOFENONA	12352000	KGM	KGS.	0.080	0.080	0.00	42.90	0.00	3.000	5.000	01	4	3.43	3.43	-12.000	0.000	0.000	0.000	0.000	1	01	1.000	0	0.00	577-16-2	-				S		
01	M2200	0	0	METHIL DIFENIL ETHER	12352000	KGM	KGS.	0.000	0.000	0.00	47.78	0.00	0.000	0.000	01	4	0.00	0.00	0.000	0.000	0.000	0.000	0.000	1	01	1.000	0	0.00								
01	M2401	0	0	METHIL EUGENOL	12352000	KGM	KGS.	0.000	0.000	0.00	31.30	0.00	1.000	3.000	01	4	0.00	0.00	0.000	0.000	0.000	0.000	0.000	1	01	1.000	0	0.00								
01	M2500	0	0	METIL HEPTENONE	12352000	KGM	KGS.	0.000	0.000	0.00	33.00	0.00	2.000	5.000	01	4	0.00	0.00	-10.000	0.000	0.000	0.000	0.000	1	01	1.000	0	0.00								
01	M2600	0	0	METIN HEPTIN CARBONATO	12352000	KGM	KGS.	0.720	0.720	0.00	162.45	0.00	4.000	6.000	01	4	116.96	116.96	-17.400	0.000	0.000	0.000	0.000	1	01	1.000	0	0.00								
01	M2800	0	0	METHIL IONONA ALPHA	12352000	KGM	KGS.	0.000	0.000	0.00	0.00	0.00	1.000	3.000	01	4	0.00	-9.70	0.000	0.000	0.000	0.000	0.000	1	01	1.000	0	0.00								
01	M3000	0	0	METHIL ISO EUGENOL	12352000	KGM	KGS.	0.600	0.600	0.00	46.00	0.00	1.000	5.000	01	4	27.60	27.60	0.000	0.000	0.000	0.000	0.000	1	01	1.000	0	0.00								
01	M3400	0	0	METHIL NAPTYL CETONA	12352000	KGM	KGS.	0.000	0.000	0.00	19.03	0.00	5.000	8.000	01	4	0.00	48.65	0.000	0.000	0.000	0.000	0.000	1	01	1.000	0	0.00								
01	M3450	0	0	METIL NONIL KETONE	12352000	KGM	KGS.	0.000	0.000	0.00	29.80	0.00	1.000	3.000	01	4	0.00	3164.70	-2790.000	0.000	0.000	0.000	0.000	1	01	1.000	0	0.00								
01	M3500	0	0	METHIL OCTIN CARBONATO	12352000	KGM	KGS.	0.000	0.000	0.00	150.00	0.00	5.000	10.000	01	4	0.00	0.00	0.000	0.000	0.000	0.000	0.000	1	01	1.000	0	0.00								
01	M3700	0	0	METIL PARACRESOL	12352000	KGM	KGS.	0.000	0.000	0.00	31.00	0.00	5.000	11.000	01	4	0.00	0.00	-0.900	0.000	0.000	0.000	0.000	1	01	1.000	0	0.00	104-93-8	1993	S			S	S	
01	M3600	0	0	METIL PARABEN	12352000	KGM	KGS.	0.000	0.000	0.00	25.00	0.00	0.000	0.000	01	4	0.00	0.00	0.000	0.000	0.000	0.000	0.000	1	01	1.000	0	0.00								
22	M3701	0	0	METIL PARACRESOL AL 5%	12352000	KGM	KGS.	0.000	0.000	0.00	8.90	4.45	1.000	5.000	22	4	0.00	0.00	0.000	0.000	0.000	0.000	0.000	1	22	1.000	0	0.00								
01	M3750	0	0	METILO ACETATO DE	12352000	KGM	KGS.	0.000	0.000	0.00	5.20	0.00	3.000	5.000	01	4	0.00	0.00	0.000	0.000	0.000	0.000	0.000	1	01	1.000	0	0.00								
01	M3800	0	0	METILO ANTRANILATO DE	12352000	KGM	KGM	0.000	0.000	0.00	7.80	0.00	50.000	150.000	01	4	0.00	-1408.05	-981.000	0.000	0.000	0.000	0.000	1	01	1.000	0	0.00								
01	M3900	0	0	METILO BENZOATO DE	12352000	KGM	KGS.	5.976	5.930	0.00	5.75	0.00	5.000	10.000	01	4	34.36	34.10	0.000	0.000	0.000	0.000	0.000	1	01	1.000	0	0.00								
01	M4000	0	0	METILO CINAMATO DE	12352000	KGM	KGS.	61.290	48.290	0.00	6.50	0.00	10.000	15.000	01	4	398.39	288.99	-53.800	0.000	0.000	0.000	0.000	1	01	1.000	0	0.00								
01	M4050	0	0	METILO FENIL ACETATO DE	12352000	KGM	KGS.	0.000	0.000	0.00	7.10	0.00	2.000	5.000	01	4	0.00	0.00	0.000	0.000	0.000	0.000	0.000	1	01	1.000	0	0.00								
01	M4100	0	0	METILO SALICILATO DE	12352000	KGM	KGS.	8.730	7.710	0.00	3.90	0.00	400.000	600.000	01	4	35.79	670.61	-914.400	0.000	0.000	0.000	0.000	1	01	1.000	0	0.00	119 36 8							
01	M4190	0	0	MIEL BLANC	12352000	KGM	KGS.	0.000	0.000	0.00	250.00	0.00	0.000	0.000	01	4	0.00	0.00	0.000	0.000	0.000	0.000	0.000	1	01	1.000	0	0.00								
01	M4200	0	0	MINERAL ACEITE	12352000	KGM	KGS.	0.000	0.000	0.00	1.06	0.00	0.000	0.000	01	4	0.00	0.00	0.000	0.000	0.000	0.000	0.000	1	01	1.000	0	0.00								
01	M4300	0	0	MIRRA RESINOIDE	12352000	KGM	KGS.	0.000	0.000	0.00	88.04	0.00	0.000	0.000	01	4	0.00	0.00	0.000	0.000	0.000	0.000	0.000	1	01	1.000	0	0.00								
01	M4301	0	0	MIRTO AC. ESC.	12352000	KGM	KGS.	0.000	0.000	0.00	108.38	0.00	0.000	0.000	01	4	0.00	0.00	0.000	0.000	0.000	0.000	0.000	1	01	1.000	0	0.00								
22	M4600	0	0	MANZANILLA AC. ESC. AL 10%	12352000	KGM	KGS.	0.000	0.000	0.00	0.00	0.00	1.000	5.000	22	4	0.00	0.00	0.000	0.000	0.000	0.000	0.000	1	22	1.000	0	0.00								
22	M4400	0	0	METIL HEPTIN CARBONATO AL 10%	12352000	KGM	KGS.	0.000	0.000	0.00	374.38	187.19	5.000	10.000	22	4	0.00	0.00	0.000	0.000	0.000	0.000	0.000	1	22	1.000	0	0.00								
22	M4800	0	0	MUGUET 343	12352000	KGM	KGS.	0.000	0.000	0.00	24.64	12.32	0.100	5.000	22	4	0.00	0.00	-1.000	0.000	0.000	0.000	0.000	1	22	1.000	0	0.00								
22	M4700	0	0	MUGUET ALDEHIDO AL 50%	12352000	KGM	KGS.	0.000	0.000	0.00	168.00	0.00	1.000	5.000	22	4	0.00	0.00	0.000	0.000	0.000	0.000	0.000	1	22	1.000	0	0.00								
01	M5000	0	0	MUSGO DE ARBOL ABS.	12352000	KGM	KGS.	0.000	0.000	0.00	135.27	0.00	0.000	0.000	01	4	0.00	0.00	0.000	0.000	0.000	0.000	0.000	1	01	1.000	0	0.00								
01	M5200	0	0	MUSGO DE ENCINO ABS CAFE	12352000	KGM	KGS.	0.000	0.000	0.00	0.00	0.00	0.000	0.000	01	4	0.00	0.00	0.000	0.000	0.000	0.000	0.000	1	01	1.000	0	0.00								
01	M5100	0	0	MUSGO DE ENCINO ABS VERDE	12352000	KGM	KGS.	0.000	0.000	0.00	175.50	0.00	0.000	0.000	01	4	0.00	0.00	0.000	0.000	0.000	0.000	0.000	1	01	1.000	0	0.00								
01	M5250	0	0	MUSGO DE ENCINO CAFE RESINOIDE	12352000	KGM	KGS.	0.000	0.000	0.00	129.40	0.00	0.500	1.000	01	4	0.00	0.00	0.000	0.000	0.000	0.000	0.000	1	01	1.000	0	0.00								
22	M5151	0	0	MUSGO DE ENCINO VERDE RESIONOIDE AL 10%	12352000	KGM	KGS.	0.000	0.000	0.00	0.00	0.00	0.200	0.500	22	4	0.00	0.00	0.000	0.000	0.000	0.000	0.000	1	22	1.000	0	0.00								
01	M5151	0	0	MUSGO DE ENCINO VERDE RESINOIDE	12352000	KGM	KGS.	0.000	0.000	0.00	169.00	0.00	1.000	2.000	01	4	0.00	28.00	-1.200	0.000	0.000	0.000	0.000	1	01	1.000	0	0.00								
01	M5050	0	0	MUSGO DE ENCINO ABS.	12352000	KGM	KGS.	0.000	0.000	0.00	96.26	0.00	0.000	0.000	01	4	0.00	0.00	0.000	0.000	0.000	0.000	0.000	1	01	1.000	0	0.00								
01	M5150	0	0	MUSGO DE ENCINO VERDE RESINOIDE AL 50%	12352000	KGM	KGS.	0.000	0.000	0.00	121.42	60.71	0.000	0.000	01	4	0.00	0.00	0.000	0.000	0.000	0.000	0.000	1	01	1.000	0	0.00								
01	C3000	0	0	CETONA ALMIZCLE	12352000	KGM	KGS.	0.195	0.195	0.00	21.78	0.00	5.000	10.000	01	4	5.46	115.57	0.000	0.000	0.000	0.000	0.000	1	01	1.000	0	0.00								
01	X3000	0	0	MUSK MOSKENE	12352000	KGM	KGS.	0.000	0.000	0.00	75.04	0.00	0.000	0.000	01	4	0.00	0.00	0.000	0.000	0.000	0.000	0.000	1	01	1.000	0	0.00								
01	X5000	0	0	XILOL ALMIZLCE	12352000	KGM	KGS.	0.000	0.000	0.00	18.50	0.00	50.000	100.000	01	4	0.00	0.00	-1054.000	0.000	0.000	0.000	0.000	1	01	1.000	0	0.00								
21	M9251	0	0	MXHR 5550 VIOLETAS	12352000	KGM	KGS.	0.000	0.000	0.00	21.12	10.56	5.000	10.000	21	4	0.00	0.00	0.000	0.000	0.000	0.000	0.000	1	21	1.000	0	0.00								
21	M9257	0	0	MXHR 5551 COCO	12352000	KGM	KGS.	0.000	0.000	0.00	0.00	0.00	5.000	10.000	21	4	0.00	0.00	0.000	0.000	0.000	0.000	0.000	1	21	1.000	0	0.00								
31	M6000	0	0	AIR DE TEMPS	12352000	KGM	KGS.	0.000	0.000	0.00	51.85	0.00	5.000	10.000	31	4	0.00	0.00	0.000	0.000	0.000	0.000	0.000	1	31	1.000	0	0.00								
20	M6800	0	0	MADERAS AG 01	12352000	KGM	KGS.	0.000	0.000	0.00	37.80	18.90	10.000	25.000	20	4	0.00	0.00	0.000	0.000	0.000	0.000	0.000	1	20	1.000	0	0.00								
31	M7100	0	0	MXLT 1076 ANAIS ANAIS	12352000	KGM	KGS.	0.000	0.000	0.00	43.40	0.00	5.000	10.000	31	4	0.00	0.00	0.000	0.000	0.000	-0.200	0.000	1	31	1.000	0	0.00								
31	M7700	0	0	MXLT 1083 AZZARO CABALLERO	12352000	KGM	KGS.	0.000	0.000	0.00	0.00	0.00	5.000	10.000	31	4	0.00	0.00	0.000	0.000	0.000	0.000	0.000	1	31	1.000	0	0.00								
31	M7900	0	0	MXLT 1087 POISON	12352000	KGM	KGS.	0.000	0.000	0.00	29.16	14.58	5.000	10.000	31	4	0.00	0.00	0.000	0.000	0.000	0.000	0.000	1	31	1.000	0	0.00								
21	M9350	0	0	BASE MIL FLORES   (ESS)	12352000	KGM	KGS.	0.000	0.000	0.00	18.57	0.00	5.000	10.000	21	4	0.00	0.00	0.000	0.000	0.000	0.000	0.000	1	21	1.000	0	0.00								
31	M8700	0	0	MXLT 1959 PIERRE CARGIN	12352000	KGM	KGS.	0.000	0.000	0.00	0.00	0.00	5.000	10.000	31	4	0.00	0.00	0.000	0.000	0.000	0.000	0.000	1	31	1.000	0	0.00								
21	M9200	0	0	MXLT 5149 SILKIENSE BASE	12352000	KGM	KGS.	0.000	0.000	0.00	27.60	13.80	5.000	10.000	21	4	0.00	0.00	0.000	0.000	0.000	0.000	0.000	1	21	1.000	0	0.00								
21	M9261	0	0	MXLT 5562 AGAVE	12352000	KGM	KGS.	0.000	0.000	0.00	21.16	0.00	5.000	10.000	21	4	0.00	0.00	0.000	0.000	0.000	0.000	0.000	1	21	1.000	0	0.00								
21	M9269	0	0	MXLT 6157 NIVEA	12352000	KGM	KGS.	0.000	0.000	0.00	50.46	25.23	0.000	1.000	21	4	0.00	0.00	0.000	0.000	0.000	0.000	0.000	1	21	1.000	0	0.00								
21	M9270	0	0	MXLT 6161 CEREZA	12352000	KGM	KGS.	0.000	0.000	0.00	0.00	0.00	5.000	10.000	21	4	0.00	0.00	0.000	0.000	0.000	0.000	0.000	1	21	1.000	0	0.00								
01	M9500	0	0	MEPALVA	12352000	KGM	KGS.	0.000	0.000	0.00	25.07	0.00	0.000	0.000	01	4	0.00	0.00	0.000	0.000	0.000	0.000	0.000	1	01	1.000	0	0.00								
01	N1150	0	0	NARANJA 5 X   AC. ESC.	12352000	KGM	KGS.	0.000	0.000	0.00	50.00	2.76	0.500	1.000	01	4	0.00	1130.20	-100.000	0.000	0.000	0.000	0.000	1	01	1.000	0	0.00								
01	N1151	0	0	NARANJA 10 X  AC. ESC.	12352000	KGM	KGS.	0.000	0.000	0.00	0.51	0.00	0.000	0.000	01	4	0.00	0.00	0.000	0.000	0.000	0.000	0.000	1	01	1.000	0	0.00								
01	N1000	0	0	NARANJA ACEITE ESENCIAL	12352000	KGM	KGS.	10.000	9.990	0.00	14.18	6.50	5.000	10.000	01	4	150.00	27976.56	-8581.000	0.000	0.000	540.000	0.000	1	01	1.000	0	0.00	8008-57-9	1993						
01	N1152	0	0	NARANJA EN FLOR AC. ESC.	12352000	KGM	KGS.	0.000	0.000	0.00	700.00	0.00	0.000	0.000	01	4	0.00	0.00	0.000	0.000	0.000	0.000	0.000	1	01	1.000	0	0.00								
22	N1153	0	0	NARANJA EN FLOR AC. ESC. AL 10%	12352000	KGM	KGS.	0.000	0.000	0.00	0.00	0.00	1.000	5.000	22	4	0.00	0.00	0.000	0.000	0.000	0.000	0.000	1	22	1.000	0	0.00								
01	N2000	0	0	NARANJA TERPENOS DE	12352000	KGM	KGM.	0.000	0.000	0.00	17.45	0.00	100.000	110.000	01	4	0.00	640.30	-1875.000	0.000	0.000	0.000	0.000	1	01	1.000	0	0.00								
01	N4000	0	0	NEROL	12352000	KGM	KGS.	0.000	0.000	0.00	19.00	0.00	15.000	20.000	01	4	0.00	0.00	-5.000	0.000	0.000	0.000	0.000	1	01	1.000	0	0.00	106-25-2	-				S		
22	N4501	0	0	NEROLI 342	12352000	KGM	KGS.	0.000	0.000	0.00	14.16	7.08	1.000	5.000	22	4	0.00	0.00	0.000	0.000	0.000	0.000	0.000	1	22	1.000	0	0.00								
01	N4500	0	0	NEROLI BLANK	12352000	KGM	KGS.	0.000	0.000	0.00	100.00	0.00	0.000	0.000	01	4	0.00	0.00	0.000	0.000	0.000	0.000	0.000	1	01	1.000	0	0.00								
01	N5000	0	0	NEROLINA YARA YARA	12352000	KGM	KGS.	0.000	19.800	0.00	4.95	0.00	10.000	20.000	01	4	0.00	58.41	-471.000	0.000	0.000	0.000	0.000	1	01	1.000	0	0.00	93-04-9	3082				S		S
20	N9270	0	0	NIVE AG 01  CONTRATIPO NIVEA	12352000	KGM	KGS.	0.000	0.000	0.00	18.48	9.24	5.000	10.000	20	4	0.00	0.00	0.000	0.000	0.000	0.000	0.000	1	20	1.000	0	0.00								
20	C8300	0	0	NIVEA CREMA FRAGANCIA TIPO	12352000	KGM	KGS.	0.000	0.000	0.00	91.30	45.65	5.000	10.000	20	4	0.00	0.00	0.000	0.000	0.000	0.000	0.000	1	20	1.000	0	0.00								
01	N7000	0	0	NOPILO ACETATO DE	12352000	KGM	KGS.	0.000	0.000	0.00	12.31	0.00	10.000	20.000	01	4	0.00	0.00	0.000	0.000	0.000	0.000	0.000	1	01	1.000	0	0.00								
01	N8000	0	0	NORBORNANOL	12352000	KGM	KGS.	0.000	0.000	0.00	0.00	0.00	0.000	0.000	01	4	0.00	0.00	0.000	0.000	0.000	0.000	0.000	1	01	1.000	0	0.00								
20	F8020	0	0	NORDIKO AG 01	12352000	KGM	KGS.	0.000	0.000	0.00	22.74	11.37	5.000	10.000	20	4	0.00	0.00	0.000	0.000	0.000	0.000	0.000	1	20	1.000	0	0.00								
21	F8001	0	0	NORDIKO BASE FRAGANCIA	12352000	KGM	KGS.	0.000	0.000	0.00	26.14	13.07	5.000	10.000	21	4	0.00	0.00	0.000	0.000	0.000	0.000	0.000	1	21	1.000	1	14.00								
01	N4900	0	0	NUEZ MOSCADA	12352000	KGM	KGS.	0.000	11.350	0.00	49.00	0.00	2.000	5.000	01	4	0.00	991.15	-65.000	0.000	0.000	0.000	0.000	1	01	1.000	0	0.00								
01	O1550	0	0	OLIBANUM RESINOIDE AL 50%	12352000	KGM	KGS.	0.000	3.000	0.00	88.00	2.05	0.000	0.000	01	4	0.00	1405.48	-25.000	0.000	0.000	0.000	0.000	1	01	1.000	0	0.00								
01	O1500	0	0	OLIBANUM RESINOIDE AL 80%	12352000	KGM	KGS.	0.000	0.000	0.00	108.00	0.00	0.000	0.000	01	4	0.00	0.00	-30.000	0.000	0.000	0.000	0.000	1	01	1.000	0	0.00								
01	O1501	0	0	OLIBANUM RESINOIDE X 5	12352000	KGM	KGS.	0.000	0.000	0.00	78.90	0.00	0.000	0.000	01	4	0.00	0.00	0.000	0.000	0.000	0.000	0.000	1	01	1.000	0	0.00								
30	O4000	0	0	ORC FV 50	12352000	KGM	KGS.	0.000	0.000	0.00	0.00	0.00	1.000	5.000	30	4	0.00	0.00	0.000	0.000	0.000	0.000	0.000	1	30	1.000	0	0.00								
30	O6000	0	0	ORD FV 50	12352000	KGM	KGS.	0.000	0.000	0.00	0.00	0.00	1.000	5.000	30	4	0.00	0.00	0.000	0.000	0.000	0.000	0.000	1	30	1.000	0	0.00								
01	O8000	0	0	OSSAMONIO	12352000	KGM	KGS.	0.000	0.000	0.00	6.00	0.00	0.000	0.000	01	4	0.00	0.00	0.000	0.000	0.000	0.000	0.000	1	01	1.000	0	0.00								
31	P0500	0	0	PACO RABANE OIL MT 1 16379	12352000	KGM	KGS.	0.000	0.000	0.00	44.00	0.00	1.000	5.000	31	4	0.00	0.00	0.000	0.000	0.000	0.000	0.000	1	31	1.000	0	0.00								
01	P1000	0	0	PALO DE ROSA	12352000	KGM	KGS.	0.000	0.000	0.00	61.60	0.00	3.000	6.000	01	4	0.00	0.00	0.000	0.000	0.000	0.000	0.000	1	01	1.000	0	0.00								
01	P1500	0	0	PALMA ROSA OIL	12352000	KGM	KGS.	0.000	0.000	0.00	35.00	0.00	1.000	2.000	01	4	0.00	0.00	0.000	0.000	0.000	0.000	0.000	1	01	1.000	0	0.00								
01	P1700	0	0	PARACRESILO ACETATO DE	12352000	KGM	KGS.	0.000	0.000	0.00	14.40	0.00	0.000	0.000	01	4	0.00	0.00	0.000	0.000	0.000	0.000	0.000	1	01	1.000	0	0.00								
22	P1701	0	0	PARACRESILO ACETATO DE  10%	12352000	KGM	KGS.	0.000	0.000	0.00	0.00	0.00	5.000	10.000	22	4	0.00	0.00	0.000	0.000	0.000	0.000	0.000	1	22	1.000	0	0.00								
01	P2000	0	0	PARACRESILO ISOBUTIRATO DE	12352000	KGM	KGS.	0.000	0.000	0.00	0.00	0.00	0.000	0.000	01	4	0.00	0.00	0.000	0.000	0.000	0.000	0.000	1	01	1.000	0	0.00								
01	P2500	0	0	PARATOLIL ALDEHIDO	12352000	KGM	KGS.	3.100	53.290	0.00	23.81	0.00	10.000	15.000	01	4	41.85	1110.46	-323.000	0.000	0.000	-30.000	0.000	1	01	1.000	0	0.00	104 87 0							
31	P2600	0	0	PARIS 0592 FRAGANCIA	12352000	KGM	KGS.	0.000	0.000	0.00	0.00	0.00	5.000	10.000	31	4	0.00	0.00	0.000	0.000	0.000	0.000	0.000	1	31	1.000	0	0.00								
01	P2700	0	0	PATCHONME	12352000	KGM	KGS.	0.000	0.000	0.00	5.10	0.00	10.000	15.000	01	4	0.00	0.00	-35.000	0.000	0.000	0.000	0.000	1	01	1.000	0	0.00								
01	P3500	0	0	PATCHOULY	12352000	KGM	KGM	0.000	2.900	0.00	99.50	0.00	10.000	15.000	01	4	0.00	2252.73	-165.100	0.000	0.000	25.000	0.000	1	01	1.000	0	0.00								
22	P3502	0	0	PATCHOULY 0644	12352000	KGM	KGS.	0.000	0.000	0.00	41.20	20.60	1.000	5.000	22	4	0.00	0.00	0.000	0.000	0.000	0.000	0.000	1	22	1.000	0	30.00								
22	P3501	0	0	PATCHOULY 584	12352000	KGM	KGS.	0.000	0.000	0.00	66.68	33.34	1.000	5.000	22	4	0.00	0.00	0.000	0.000	0.000	0.000	0.000	1	22	1.000	0	0.00								
30	P4000	0	0	PACO RABANE  P.A.A.	12352000	KGM	KGS.	0.000	0.000	0.00	0.05	0.00	1.000	5.000	30	4	0.00	0.00	0.000	0.000	0.000	0.000	0.000	1	30	1.000	0	0.00								
01	P4500	0	0	PETIT GREIN AC. ESC.	12352000	KGM	KGM.	0.000	0.000	0.00	67.30	0.00	15.000	25.000	01	4	0.00	0.00	-279.000	0.000	0.000	0.000	0.000	1	01	1.000	0	0.00	8014 17 3							
01	P5100	0	0	PIMIENTA NEGRA   BLACK PEPPER	12352000	KGM	KGS.	0.000	0.000	0.00	108.00	0.00	2.000	3.000	01	4	0.00	17.00	-10.000	0.000	0.000	0.000	0.000	1	01	1.000	0	0.00								
01	P6000	0	0	PINO AC. ESC.	12352000	KGM	KGS.	0.000	0.000	0.00	3.50	0.00	15.000	20.000	01	4	0.00	0.00	0.000	0.000	0.000	0.000	0.000	1	01	1.000	0	0.00								
20	P6030	0	0	PINO AROMA DOGO	12352000	KGM	KGS.	0.000	0.000	0.00	277.28	138.64	10.000	25.000	20	4	0.00	0.00	0.000	0.000	0.000	0.000	0.000	1	20	1.000	1	15.00								
20	P6200	0	0	PINO AROMA 315	12352000	KGM	KGS.	0.000	0.000	0.00	21.14	10.57	10.000	25.000	20	4	0.00	0.00	0.000	0.000	0.000	0.000	0.000	1	20	1.000	0	0.00								
20	P6051	0	0	PINO BASE FRAGANCIA AG 01	12352000	KGM	KGS.	0.000	0.000	0.00	7.88	3.94	25.000	50.000	20	4	0.00	0.00	0.000	0.000	0.000	0.000	0.000	1	20	1.000	0	10.00								
01	P6050	0	0	PINO ACETALDEHIDO	12352000	KGM	KGS.	0.000	0.000	0.00	301.90	0.00	0.000	0.000	01	4	0.00	0.00	0.000	0.000	0.000	0.000	0.000	1	01	1.000	0	0.00								
30	P6500	0	0	PLV FV 50	12352000	KGM	KGS.	0.000	0.000	0.00	0.00	0.00	1.000	5.000	30	4	0.00	0.00	0.000	0.000	0.000	0.000	0.000	1	30	1.000	0	0.00								
20	P7050	0	0	POUPURRI 4023	12352000	KGM	KGS.	0.000	0.000	0.00	7.58	3.79	20.000	50.000	20	4	0.00	0.00	0.000	0.000	0.000	0.000	0.000	1	20	1.000	0	0.00								
30	P7500	0	0	PPS FV 60	12352000	KGM	KGS.	0.000	0.000	0.00	0.00	0.00	1.500	5.000	30	4	0.00	0.00	0.000	0.000	0.000	0.000	0.000	1	30	1.000	0	0.00								
42	P8000	0	0	PROPILENGLICOL AL 50%	12352000	KGM	KGS.	0.000	0.000	0.00	0.00	0.00	1.000	5.000	42	4	0.00	0.00	0.000	0.000	0.000	0.000	0.000	1	42	1.000	0	0.00								
01	P8100	0	0	PRENILO ACETATO DE	12352000	KGM	KGS.	139.000	138.862	0.00	27.90	0.00	2.500	4.000	01	4	1946.00	1960.28	0.000	0.000	0.000	0.000	0.000	1	01	1.000	0	0.00								
10	P8105	0	0	PREPARACION PARA SUAVIZANTE	12352000	KGM	KGS.	0.000	0.000	0.00	0.00	0.00	5.000	15.000	10	4	0.00	0.00	0.000	0.000	0.000	0.000	0.000	1	10	1.000	0	0.00								
01	P8200	0	0	PROPIL PARABEN	12352000	KGM	KGS.	0.000	0.000	0.00	10.00	0.00	0.000	0.000	01	4	0.00	0.00	0.000	0.000	0.000	0.000	0.000	1	01	1.000	0	0.00								
01	P8500	0	0	PROPILENGLICOL	12352000	KGM	KGM.	113.600	2.100	0.00	5.34	0.00	430.000	640.000	01	4	408.96	-4474.62	-295.000	0.000	0.000	215.000	0.000	1	01	1.000	0	0.00	57-55-6	-				S		
01	P9000	0	0	PROPIONICO ACIDO	12352000	KGM	KGS.	0.000	0.000	0.00	4.90	0.00	10.000	20.000	01	4	0.00	-1372.00	-10295.000	0.000	0.000	0.000	0.000	1	01	1.000	0	0.00	79-09-4	3463						
20	P9001	0	0	PRUEBA 2 PARA CONTRATIPO 880 MARFEL	12352000	KGM	KGS.	0.000	0.000	0.00	1.10	0.00	1.000	5.000	20	4	0.00	0.00	0.000	0.000	0.000	0.000	0.000	1	20	1.000	0	0.00								
01	Q6000	0	0	QUATARMIN	12352000	KGM	KGS.	8.980	8.980	0.00	4.50	0.00	0.000	0.000	01	4	40.41	40.41	0.000	0.000	0.000	0.000	0.000	1	01	1.000	0	0.00								
01	S6000	0	0	STIRAX RESINOIDE	12352000	KGM	KGS.	0.000	0.000	0.00	58.80	0.00	3.000	5.000	01	4	0.00	0.00	0.000	0.000	0.000	0.000	0.000	1	01	1.000	0	0.00								
01	R0000	0	0	RESIONIDE OPOPOMAX	12352000	KGM	KGS.	0.000	0.000	0.00	94.44	0.00	0.000	0.000	01	4	0.00	0.00	0.000	0.000	0.000	0.000	0.000	1	01	1.000	0	0.00								
01	R1000	0	0	ROMERO AC. ESC.	12352000	KGM	KGS.	0.000	0.270	0.00	16.80	0.00	10.000	15.000	01	4	0.00	166.48	-184.200	0.000	0.000	-10.000	0.000	1	01	1.000	0	0.00								
22	R7001	0	0	ROSA OXIDE 10%	12352000	KGM	KGS.	0.000	0.000	0.00	15.38	7.69	1.000	5.000	22	4	0.00	0.00	0.000	0.000	0.000	0.000	0.000	1	22	1.000	0	0.00								
01	R3000	0	0	ROSACETOL	12352000	KGM	KGS.	23.030	20.030	0.00	6.84	0.00	15.000	20.000	01	4	157.53	59.13	-73.000	0.000	0.000	0.000	0.000	1	01	1.000	0	0.00	90-17-5	-				S		
01	R5000	0	0	ROSALVA	12352000	KGM	KGS.	0.000	0.000	0.00	126.00	0.00	1.000	2.500	01	4	0.00	0.00	0.000	0.000	0.000	0.000	0.000	1	01	1.000	0	0.00								
20	R6000	0	0	ROSAS AG 01 FRAGANCIA	12352000	KGM	KGS.	0.000	0.000	0.00	15.82	7.91	1.000	5.000	20	4	0.00	0.00	0.000	0.000	0.000	0.000	0.000	1	20	1.000	0	0.00								
21	R5990	0	0	ROSAS BASE FRAGANCIA	12352000	KGM	KGM.	0.000	0.000	0.00	15.20	7.60	1.000	5.000	21	4	0.00	0.00	-1.000	0.000	0.000	0.000	0.000	1	21	1.000	0	22.12								
01	R6910	0	0	ROSE OTTO	12352000	KGM	KGS.	0.000	0.000	0.00	750.00	0.00	0.000	0.000	01	4	0.00	0.00	0.000	0.000	0.000	0.000	0.000	1	01	1.000	0	0.00								
01	R7000	0	0	ROSE OXIDE R	12352000	KGM	KGS.	0.000	0.000	0.00	50.90	0.00	5.000	10.000	01	4	0.00	583.20	4.000	0.000	0.000	0.000	0.000	1	01	1.000	0	0.00								
20	S2101	0	0	SABILA TIPO CAPRICE	12352000	KGM	KGS.	0.000	0.000	0.00	19.98	9.99	1.000	5.000	20	4	0.00	0.00	0.000	0.000	0.000	0.000	0.000	1	20	1.000	0	0.00								
01	S0500	0	0	SAL DE MESA	12352000	KGM	KGS.	0.000	0.000	0.00	1.00	0.00	0.000	0.000	01	4	0.00	0.00	0.000	0.000	0.000	0.000	0.000	00	01	1.000	0	0.00								
01	S1000	0	0	SALICILATO DE CIS 3 HEXENILO	12352000	KGM	KGS.	0.100	0.100	0.00	72.20	0.00	5.000	12.000	01	4	7.22	7.22	0.000	0.000	0.000	0.000	0.000	1	01	1.000	0	0.00								
01	S0010	0	0	SALVIA ESCLAREA AC. ESC.	12352000	KGM	KGM.	0.000	0.000	0.00	126.00	0.00	1.000	2.000	01	4	0.00	1129.06	-65.000	0.000	0.000	2.000	0.000	1	01	1.000	0	0.00								
01	S1500	0	0	SANDALO AC. ESC.	12352000	KGM	KGM	0.370	0.360	0.00	95.06	20.43	3.000	5.000	01	4	35.17	34.22	-3.000	0.000	0.000	0.000	0.000	1	01	1.000	0	0.00								
01	S2000	0	0	SANDELA	12352000	KGM	KGS.	0.000	0.000	0.00	11.82	10.48	40.000	80.000	01	4	0.00	-1881.50	-396.000	0.000	0.000	0.000	0.000	1	01	1.000	0	0.00	70955-71-4	-				S		
10	S3000	0	0	SHAMPOO	12352000	KGM	KGS.	0.000	0.000	0.00	0.00	0.00	10.000	25.000	10	4	0.00	0.00	0.000	0.000	0.000	0.000	0.000	1	10	1.000	0	0.00								
42	S3500	0	0	SABOR FRESA REFORZANTE	12352000	KGM	KGS.	0.000	0.000	0.00	0.00	0.00	1.000	5.000	42	4	0.00	0.00	0.000	0.000	0.000	0.000	0.000	1	42	1.000	0	0.00								
10	S3600	0	0	SOLUBILIZANTE	12352000	KGM	KGS.	0.000	0.000	0.00	0.00	0.00	1.000	5.000	10	4	0.00	0.00	0.000	0.000	0.000	0.000	0.000	1	10	1.000	0	0.00								
01	S3700	0	0	SOLVENOL	12352000	KGM	KGS.	0.000	0.000	0.00	0.06	0.00	0.000	0.000	01	4	0.00	0.00	0.000	0.000	0.000	0.000	0.000	1	01	1.000	0	0.00								
01	S5500	0	0	STEMONE	12352000	KGM	KGS.	0.000	0.000	0.00	42.90	0.00	0.500	1.000	01	4	0.00	0.00	0.000	0.000	0.000	0.000	0.000	1	01	1.000	0	0.00								
01	S6100	0	0	STIRAX AC. ESC.  STURAX OIL PURE	12352000	KGM	KGS.	1.385	1.385	0.00	69.90	0.00	0.000	0.000	01	4	96.81	96.81	0.000	0.000	0.000	0.000	0.000	1	01	1.000	0	0.00								
10	S6500	0	0	SUAVEL	12352000	KGM	KGS.	0.000	0.000	0.00	1.08	0.54	10.000	25.000	10	4	0.00	0.00	0.000	0.000	0.000	0.000	0.000	1	10	1.000	0	0.00								
20	S7000	0	0	SUAVEL H T	12352000	KGM	KGS.	0.000	0.000	0.00	11.00	0.00	25.000	50.000	20	4	0.00	0.00	0.000	0.000	0.000	0.000	0.000	1	20	1.000	0	0.00								
20	S8100	0	0	SUAVITEL PROD.TERMINADO	12352000	KGM	KGS.	0.000	0.000	0.00	36.22	18.11	10.000	25.000	20	4	0.00	0.00	0.000	0.000	0.000	0.000	0.000	1	20	1.000	0	0.00								
01	S9000	2	0	SULFUROL	12352000	KGM	KGS.	0.000	0.000	0.00	90.00	0.00	1.000	2.000	01	4	0.00	0.00	-2.000	0.000	0.000	0.000	0.000	1	01	1.000	0	0.00	137-00-8	-				S		
50	E0003	0	0	TAPAS Y RETAPAS No. 38	12352000	KGM	KGS.	0.000	0.000	0.00	3.34	0.00	100.000	500.000	50	4	0.00	0.00	0.000	0.000	0.000	0.000	0.000	1	50	1.000	0	0.00								
01	T1000	0	0	TERPENILO ACETATO DE	12352000	KGM	KGS.	7.430	0.000	0.00	7.10	11.60	50.000	100.000	01	4	52.75	-37.67	-15548.000	0.000	0.000	0.000	0.000	1	01	1.000	0	0.00								
01	T1500	0	0	TERPINEOL	12352000	KGM	KGS.	3.030	3.030	0.00	7.79	0.00	180.000	360.000	01	4	21.63	19.78	-2676.000	0.000	0.000	0.000	0.000	1	01	1.000	0	0.00	8000-41-7	-				S		
01	T2000	0	0	TERPINOLENO	12352000	KGM	KGS.	2.190	0.000	0.00	5.25	0.00	185.000	370.000	01	4	4.16	-43.30	-263.800	0.000	0.000	0.000	0.000	1	01	1.000	0	0.00	586-62-9	2541				S	S	S
01	T2500	0	0	TETRAHIDROGERANIOL	12352000	KGM	KGS.	0.000	0.000	0.00	15.88	0.00	0.000	0.000	01	4	0.00	0.00	-4.000	0.000	0.000	0.000	0.000	1	01	1.000	0	0.00								
01	T4500	0	0	TOLU BALSAM	12352000	KGM	KGS.	10.000	0.000	0.00	0.00	0.00	1.000	3.000	01	4	0.00	-61.69	-13.500	0.000	0.000	0.000	0.000	1	01	1.000	0	0.00								
22	T5001	0	0	TOMILLO BLANCO AC. ESC.  AL 10%	12352000	KGM	KGS.	0.000	0.000	0.00	9.74	4.87	1.000	5.000	22	4	0.00	0.00	0.000	0.000	0.000	0.000	0.000	1	22	1.000	0	0.00								
01	T5000	0	0	TOMILLO BLANCO AC. ESC.	12352000	KGM	KGS.	0.000	0.970	0.00	64.15	0.00	1.000	2.000	01	4	0.00	-10821.16	-84.000	0.000	0.000	12.000	0.000	1	01	1.000	0	0.00								
01	T6000	0	0	TONALIDE	12352000	KGM	KGS.	0.000	0.000	0.00	13.68	0.00	5.000	10.000	01	4	0.00	486.50	-25.600	0.000	0.000	-120.000	0.000	1	01	1.000	0	0.00	21145-77-7	-				S		
01	T6200	0	0	TORONJA BLANCA FLORIDA AC. ESC.	12352000	KGM	KGS.	0.000	7.760	0.00	28.00	0.00	15.000	20.000	01	4	0.00	-38991.16	-93.000	0.000	0.000	0.000	0.000	1	01	1.000	0	0.00	8016 20 4	1169						
01	T6500	0	0	TRANS 2 HEXENAL	12352000	KGM	KGS.	0.000	0.000	0.00	28.15	0.00	5.000	10.000	01	4	0.00	0.00	-2.000	0.000	0.000	0.000	0.000	1	01	1.000	0	0.00	6728-26-3	1988	S	S				
01	T6600	0	0	TRIACETINA	12352000	KGM	KGS.	0.000	44.800	0.00	3.10	4.45	100.000	240.000	01	4	0.00	-2220.92	-112332.000	0.000	0.000	0.000	0.000	1	01	1.000	0	0.00	102-76-1	-				S		
01	T7500	0	0	TRIMOFIX O	12352000	KGM	KGS.	0.000	0.000	0.00	139.05	0.00	0.000	0.000	01	4	0.00	0.00	0.000	0.000	0.000	0.000	0.000	1	01	1.000	0	0.00								
01	A4500	0	0	ALDEHIDO AA   TRIPLAL	12352000	KGM	KGS.	0.750	0.572	0.00	7.50	0.00	25.000	50.000	01	4	7.95	-1915.80	-24.700	0.000	0.000	0.000	0.000	1	01	1.000	0	0.00								
01	T7600	0	0	TUBEROSE ABSOLUTE	12352000	KGM	KGS.	0.000	0.000	0.00	158.00	0.00	0.000	0.000	01	4	0.00	0.00	0.000	0.000	0.000	0.000	0.000	1	01	1.000	0	0.00								
01	T8000	5	0	TWEEN 20	12352000	KGM	KGS.	8.000	8.000	0.00	3.05	0.00	100.000	225.000	01	4	24.40	24.40	-1161.000	0.000	0.000	0.000	0.000	1	01	1.000	0	0.00	9005-64-5	-				S		
01	T8100	0	0	TWEEN 80	12352000	KGM	KGS.	0.000	0.000	0.00	1.84	0.00	5.000	10.000	01	4	0.00	0.00	0.000	0.000	0.000	0.000	0.000	1	01	1.000	0	0.00	9005-65-6	-				S		
01	T8500	0	0	TYLOSE	12352000	KGM	KGS.	0.000	0.000	0.00	10.84	0.00	0.000	0.000	01	4	0.00	0.00	0.000	0.000	0.000	0.000	0.000	1	01	1.000	0	0.00								
01	V0500	0	0	VAINILLINA	12352000	KGM	KGS.	18.835	4.720	0.00	8.15	0.00	25.000	75.000	01	4	210.95	498.13	-1628.500	0.000	0.000	0.000	0.000	1	01	1.000	0	0.00	121-33-5	-				S		
01	E7650	0	0	ETILO VALERIANATO	12352000	KGM	KGS.	0.000	0.000	0.00	10.50	0.00	20.000	25.000	01	4	0.00	-101.00	-1356.300	0.000	0.000	0.000	0.000	1	01	1.000	0	0.00								
01	V1000	0	0	VANDOR B	12352000	KGM	KGS.	0.000	0.000	0.00	500.00	0.00	0.000	0.000	01	4	0.00	0.00	0.000	0.000	0.000	0.000	0.000	1	01	1.000	0	0.00								
22	V1050	0	0	VANDOR B AL 1%	12352000	KGM	KGS.	0.000	0.000	0.00	14.78	7.39	1.000	5.000	22	4	0.00	0.00	0.000	0.000	0.000	0.000	0.000	1	22	1.000	0	0.00								
01	V2000	0	0	VANITROPE	12352000	KGM	KGS.	2.800	2.800	0.00	85.00	0.00	3.000	5.000	01	4	238.00	238.00	0.000	0.000	0.000	0.000	0.000	1	01	1.000	0	0.00	94-86-0	-				S		
20	V2600	0	0	VEL 489 FRGANCIA	12352000	KGM	KGS.	0.000	0.000	0.00	32.36	16.18	20.000	30.000	20	4	0.00	0.00	0.000	0.000	0.000	0.000	0.000	1	20	1.000	0	0.00								
21	V2650	0	0	FRESCH DE ESS.	12352000	KGM	KGS.	0.000	0.000	0.00	120.00	0.00	25.000	50.000	21	4	0.00	0.00	0.000	0.000	0.000	0.000	0.000	1	21	1.000	0	0.00								
20	V2700	0	0	VEL No. 1	12352000	KGM	KGS.	0.000	0.000	0.00	42.12	21.06	50.000	75.000	20	4	0.00	0.00	0.000	0.000	0.000	0.000	0.000	1	20	1.000	0	0.00								
10	V2500	0	0	VEL ROSITA PRODUCTO TERMINADO	12352000	KGM	KGS.	0.000	0.000	0.00	0.00	0.00	25.000	75.000	10	4	0.00	0.00	0.000	0.000	0.000	0.000	0.000	1	10	1.000	0	0.00								
01	V3500	0	0	VELTOL SIMPLE	12352000	KGM	KGS.	0.000	0.000	0.00	16.00	0.00	10.000	20.000	01	4	0.00	0.00	-4.000	0.000	0.000	0.000	0.000	1	01	1.000	0	0.00	118-71-8	-				S		
01	V4000	0	0	VELTOL PLUS   (ETIL MALTOL)	12352000	KGM	KGS.	28.800	27.460	0.00	18.50	0.00	10.000	20.000	01	4	532.80	508.03	-187.000	0.000	0.000	0.000	0.000	1	01	1.000	0	0.00	4940-11-8							
22	V4101	0	0	VELTOL SIMPLE AL 1%	12352000	KGM	KGS.	0.000	0.000	0.00	5.16	2.58	5.000	10.000	22	4	0.00	0.00	0.000	0.000	0.000	0.000	0.000	1	22	1.000	0	0.00								
01	V5000	0	0	VERDILO ACETATO DE ***	12352000	KGM	KGS.	0.000	0.000	0.00	3.83	0.00	50.000	100.000	01	4	0.00	-52797.60	-1089.500	0.000	0.000	220.000	0.000	1	01	1.000	0	0.00	5413 60 5							
01	V5200	0	0	VERDILO PROPIONATO DE ***	12352000	KGM	KGS.	24.810	0.000	0.00	5.36	0.00	30.000	50.000	01	4	84.60	-3357.79	1.000	0.000	0.000	0.000	0.000	1	01	1.000	0	0.00								
01	V5600	0	0	VERDOX ***	12352000	KGM	KGS.	124.780	48.597	0.00	4.00	0.00	100.000	200.000	01	4	505.36	-2674.64	-490.500	0.000	0.000	200.000	0.000	1	01	1.000	0	0.00	88 41 5							
01	V6000	0	0	VERTENEX ***	12352000	KGM	KGS.	215.800	215.230	0.00	4.20	0.00	200.000	600.000	01	4	906.36	903.97	-472.600	0.000	0.000	60.000	0.000	1	01	1.000	0	0.00	32210 23 4							
01	V6200	0	0	VERTOFIX	12352000	KGM	KGS.	10.710	5.710	0.00	16.80	0.00	15.000	25.000	01	4	159.04	-195.96	0.000	0.000	0.000	0.000	0.000	1	01	1.000	0	0.00	32388-55-9	-				S		
01	V6600	0	0	VERONOL	12352000	KGM	KGS.	0.000	0.000	0.00	0.00	0.00	0.000	0.000	01	4	0.00	0.00	0.000	0.000	0.000	0.000	0.000	1	01	1.000	0	0.00								
01	E0300	0	0	TOMILLO ROJO AC. ESC.	12352000	KGM	KGS.	0.000	0.000	0.00	42.00	0.00	0.000	0.000	01	4	0.00	0.00	0.000	0.000	0.000	0.000	0.000	1	01	1.000	0	0.00								
01	P5500	0	0	POPURRI PURO	12352000	KGM	KGS.	0.000	0.000	0.00	0.21	0.00	0.000	0.000	01	4	0.00	0.00	0.000	0.000	0.000	0.000	0.000	1	01	1.000	0	0.00								
01	P2100	0	0	PARACRESOL	12352000	KGM	KGS.	0.160	0.160	0.00	15.50	0.00	0.000	0.000	01	4	2.48	2.48	-3.000	0.000	0.000	0.000	0.000	1	01	1.000	0	0.00	106 44 5							
01	B9650	0	0	BUTIL BUTIRIL LACTATO	12352000	KGM	KGS.	24.900	22.900	0.00	11.60	0.00	3.000	5.000	01	4	288.84	288.84	-21.000	0.000	0.000	0.000	0.000	1	01	1.000	0	0.00	7492-70-8	-				S		
30	M0000	0	0	MADERAS FINAS	12352000	KGM	KGS.	0.000	0.000	0.00	0.05	0.00	1.000	5.000	30	4	0.00	0.00	0.000	0.000	0.000	0.000	0.000	1	30	1.000	0	0.00								
20	S7600	0	0	SUAVETEL	12352000	KGM	KGS.	0.000	0.000	0.00	19.58	9.79	10.000	25.000	20	4	0.00	0.00	0.000	0.000	0.000	0.000	0.000	01	20	1.000	0	0.00								
01	L1050	0	0	LABDANUM RESINOIDE AL 50%	12352000	KGM	KGS.	0.000	0.000	0.00	110.42	55.21	0.000	0.000	01	4	0.00	0.00	0.000	0.000	0.000	0.000	0.000	1	01	1.000	0	0.00								
20	F5700	0	0	FRESA AG 01	12352000	KGM	KGS.	0.000	0.000	0.00	18.80	9.40	3.000	10.000	20	4	0.00	0.00	-50.000	0.000	0.000	0.000	0.000	01	20	1.000	1	14.00								
21	F8400	0	0	BASE FRESA 291	12352000	KGM	KGS.	0.000	0.000	0.00	11.52	5.76	3.000	10.000	21	4	0.00	0.00	0.000	0.000	0.000	0.000	0.000	01	21	1.000	1	20.00								
03	G1501	0	0	GALBANUM RESINOIDE AL 10%	12352000	KGM	KGS.	0.000	0.000	0.00	15.58	7.79	1.000	5.000	03	4	0.00	0.00	0.000	0.000	0.000	0.000	0.000	1	03	1.000	0	0.00								
03	I1001	0	0	ESTACOL AL 10%	12352000	KGM	KGS.	0.000	0.000	0.00	23.78	11.89	1.000	5.000	03	4	0.00	0.00	0.000	0.000	0.000	0.000	0.000	1	03	1.000	0	0.00								
20	S7500	0	0	SUAVEL GX3	12352000	KGM	KGS.	0.000	0.000	0.00	20.02	10.01	10.000	50.000	20	4	0.00	0.00	0.000	0.000	0.000	0.000	0.000	20	20	1.000	1	20.00								
21	S1100	0	0	FRAGANCIA SUAVEL 535	12352000	KGM	KGS.	0.000	0.000	0.00	11.36	5.68	5.000	50.000	21	4	0.00	0.00	0.000	0.000	0.000	0.000	0.000	01	21	1.000	1	55.00								
20	M5700	0	0	MIL FLORES FRAGANCIA	12352000	KGM	KGS.	0.000	0.000	0.00	28.46	14.23	1.000	5.000	20	4	0.00	0.00	0.000	0.000	0.000	0.000	0.000	01	20	1.000	0	0.00								
20	T0000	0	0	TUTI FRUTI AROMA GA 100	12352000	LTR	LTR.	0.000	0.000	0.00	27.46	13.73	5.000	10.000	20	4	0.00	0.00	0.000	0.000	0.000	0.000	0.000	01	20	1.000	0	0.00								
20	L4520	0	0	LIMA LIMON LECHOSO P.A.	12352000	KGM	KGS.	0.000	0.000	0.00	13.62	6.81	1.000	5.000	20	4	0.00	0.00	0.000	0.000	0.000	0.000	0.000	01	20	1.000	0	0.00								
01	B0000	0	0	BUTANOL	12352000	KGM	KGS.	1.640	1.640	0.00	4.43	0.00	100.000	200.000	01	4	7.27	7.27	-53.120	0.000	0.000	0.000	0.000	1	01	1.000	0	0.00	71-36-3	1120	S		S	S		
20	S8000	0	0	SUAVEL AG 01	12352000	KGM	KGS.	0.000	0.000	0.00	16.92	8.46	1.000	10.000	20	4	0.00	0.00	0.000	0.000	0.000	0.000	0.000	01	20	1.000	0	0.00								
20	C3500	0	0	CHICLE FRAGANCIA AG 022	12352000	KGM	KGS.	0.000	0.000	0.00	37.38	18.69	1.000	5.000	20	4	0.00	0.00	-10.000	0.000	0.000	0.000	0.000	01	20	1.000	1	14.00								
20	S2500	0	0	SAVILA FRAGANCIA AG 01	12352000	KGM	KGS.	0.000	0.000	0.00	11.00	0.00	1.000	5.000	20	4	0.00	0.00	0.000	0.000	0.000	0.000	0.000	01	20	1.000	1	15.00								
22	E5001	0	0	ETIL VAINILLINA AL 10%	12352000	KGM	KGS.	0.000	0.000	0.00	11.80	5.90	1.000	2.000	22	4	0.00	0.00	0.000	0.000	0.000	0.000	0.000	01	22	1.000	0	0.00								
22	M5152	0	0	MUSGO DE ENCINO VERDE AL 50%	12352000	KGM	KGS.	0.000	0.000	0.00	123.10	61.55	1.000	2.000	22	4	0.00	0.00	0.000	0.000	0.000	0.000	0.000	01	22	1.000	0	0.00								
22	B3554	0	0	BASE C -  VEL	12352000	KGM	KGS.	0.000	0.000	0.00	14.30	7.15	0.000	1.000	22	4	0.00	0.00	0.000	0.000	0.000	0.000	0.000	01	22	1.000	0	0.00								
22	R0001	0	0	RODINOL	12352000	KGM	KGS.	0.000	0.000	0.00	33.20	16.60	1.000	5.000	22	4	0.00	0.00	0.000	0.000	0.000	0.000	0.000	01	22	1.000	0	0.00								
20	F6000	0	0	FRAGANCIA S 15	12352000	KGM	KGS.	0.000	0.000	0.00	25.68	12.84	5.000	10.000	20	4	0.00	0.00	0.000	0.000	0.000	0.000	0.000	01	20	1.000	0	0.00								
20	P9999	0	0	PRIMAVERAL	12352000	KGM	KGS.	0.000	0.000	0.00	32.96	16.48	5.000	10.000	20	4	0.00	0.00	0.000	0.000	0.000	0.000	0.000	01	20	1.000	0	0.00								
22	G0501	0	0	GALAXOLIDE AL 1%	12352000	KGM	KGS.	0.000	0.000	0.00	4.72	2.36	1.000	2.000	22	4	0.00	0.00	0.000	0.000	0.000	0.000	0.000	01	22	1.000	0	0.00								
22	O9999	0	0	OXIDO DE ROSAS AL 10%	12352000	KGM	KGS.	0.000	0.000	0.00	12.34	6.17	2.000	5.000	22	4	0.00	0.00	0.000	0.000	0.000	0.000	0.000	01	22	1.000	0	0.00								
22	P8888	0	0	PATCHULY 644	12352000	KGM	KGS.	0.000	0.000	0.00	5.00	0.00	1.000	5.000	22	4	0.00	0.00	0.000	0.000	0.000	0.000	0.000	01	22	1.000	0	0.00								
20	D0000	0	0	DRAKKAR P.A.A.FRAGANCIA	12352000	KGM	KGS.	0.000	0.000	0.00	22.02	11.01	1.000	5.000	20	4	0.00	0.00	0.000	0.000	0.000	0.000	0.000	01	20	1.000	0	0.00								
20	B3100	0	0	HERBAL 8268	12352000	KGM	KGS.	0.000	0.000	0.00	9.28	4.64	1.000	5.000	20	4	0.00	0.00	0.000	0.000	0.000	0.000	0.000	1	20	1.000	0	15.00								
22	F3400	0	0	FIR BALSAM ABSOLUTO 10%	12352000	KGM	KGS.	0.000	0.000	0.00	29.38	14.69	0.500	1.000	22	4	0.00	0.00	0.000	0.000	0.000	0.000	0.000	01	22	1.000	0	0.00								
21	L0000	0	0	LAVANDA BASE FRAGANCIA	12352000	KGM	KGS.	0.000	0.000	0.00	41.02	20.51	1.000	5.000	21	4	0.00	0.00	0.000	0.000	0.000	0.000	0.000	01	21	1.000	0	0.00								
01	A0802	0	0	ACIDO ISO BUTIRICO	12352000	KGM	KGS.	0.000	0.000	0.00	8.80	0.00	5.000	15.000	01	4	0.00	0.00	0.000	0.000	0.000	0.000	0.000	1	01	1.000	0	0.00								
21	T9999	0	0	TUBEROSA AL 10%	12352000	KGM	KGS.	0.000	0.000	0.00	35.94	17.97	1.000	5.000	21	4	0.00	0.00	0.000	0.000	0.000	0.000	0.000	01	21	1.000	0	0.00								
22	C9999	0	0	CANTHOXAL FORMULA(SINTETICO)	12352000	KGM	KGS.	0.000	0.000	0.00	19.94	9.97	5.000	10.000	22	4	0.00	0.00	0.000	0.000	0.000	0.000	0.000	01	22	1.000	0	0.00								
22	B9999	0	0	BASE ROSA 724	12352000	KGM	KGS.	0.000	0.000	0.00	15.20	7.60	1.000	5.000	22	4	0.00	0.00	0.000	0.000	0.000	0.000	0.000	01	22	1.000	0	0.00								
20	A9001	0	0	ANTEUS INDUSTRIAL P.A.A.	12352000	KGM	KGS.	0.000	0.000	0.00	4.26	2.13	1.000	5.000	20	4	0.00	0.00	0.000	0.000	0.000	0.000	0.000	1	20	1.000	0	39.00								
22	A6700	0	0	AMBAR PASTOSO	12352000	KGM	KGS.	0.000	0.000	0.00	77.96	38.98	1.000	5.000	22	4	0.00	0.00	-20.000	0.000	0.000	0.000	0.000	01	22	0.000	0	0.00								
01	L4400	0	0	LIMON BBA	12352000	KGM	KGS.	0.000	0.000	0.00	13.24	6.62	0.000	0.000	01	4	0.00	0.00	0.000	0.000	0.000	0.000	0.000	1	01	0.000	0	0.00								
20	E0000	0	0	ENGLISH LEATHER P.A.A.	12352000	KGM	KGS.	0.000	0.000	0.00	3.66	1.83	1.000	5.000	20	4	0.00	0.00	0.000	0.000	0.000	0.000	0.000	01	20	0.000	0	0.00								
21	N0000	0	0	NUCLEO FRUTAS 5301	12352000	KGM	KGS.	0.000	0.000	0.00	21.18	10.59	1.000	5.000	21	4	0.00	0.00	0.000	0.000	0.000	0.000	0.000	01	21	0.000	0	0.00								
21	N0001	0	0	FRUTAS 5301	12352000	KGM	KGS.	0.000	0.000	0.00	14.18	7.09	1.000	5.000	21	4	0.00	0.00	0.000	0.000	0.000	0.000	0.000	01	21	0.000	0	0.00								
20	L1551	0	0	LAVANDA AG02 LECHOSO	12352000	KGM	KGS.	0.000	0.000	0.00	14.84	7.42	1.000	5.000	20	4	0.00	0.00	0.000	0.000	0.000	0.000	0.000	01	20	0.000	0	0.00								
20	C2651	0	0	CEREZA AG 03	12352000	KGM	KGS.	0.000	0.000	0.00	21.38	10.69	1.000	5.000	20	4	0.00	0.00	0.000	0.000	0.000	0.000	0.000	01	20	0.000	0	0.00								
20	T0001	0	0	TUTTI FRUTTI GA 100	12352000	LTR	LTR.	0.000	0.000	0.00	30.52	15.26	1.000	5.000	20	4	0.00	0.00	-1950.000	0.000	0.000	0.000	0.000	01	20	0.000	0	0.00								
20	F4801	0	0	FLEXI 184 B FRAGANCIA	12352000	KGM	KGS.	0.000	0.000	0.00	53.68	26.84	1.000	5.000	20	4	0.00	0.00	0.000	0.000	0.000	0.000	0.000	01	20	0.000	0	0.00								
20	C7777	0	0	COCO AG 01 FRAGANCIA P/SHAMPOO	12352000	KGM	KGS.	0.000	0.000	0.00	13.54	6.77	1.000	5.000	20	4	0.00	0.00	0.000	0.000	0.000	0.000	0.000	01	20	0.000	0	0.00								
01	D0209	0	0	DELTA DODECALACTONA	12352000	KGM	KGS.	4.000	3.990	0.00	18.60	0.00	5.000	10.000	01	4	74.40	74.21	-10.000	0.000	0.000	0.000	0.000	1	01	0.000	0	0.00	713-95-1	-				S		
20	L4207	0	0	LIMON AC.ESC. C/TERPENOS	12352000	KGM	KGS.	0.000	0.000	0.00	2.22	1.11	1.000	5.000	20	4	0.00	0.00	0.000	0.000	0.000	0.000	0.000	01	20	0.000	0	0.00								
20	V2701	0	0	CHANEL FLORAL LECHOSO	12352000	KGM	KGS.	0.000	0.000	0.00	52.98	26.49	1.000	5.000	20	4	0.00	0.00	0.000	0.000	0.000	0.000	0.000	01	20	0.000	0	0.00								
20	L4204	0	0	LIMA LIMON 4845	12352000	KGM	KGS.	0.000	0.000	0.00	15.96	7.98	1.000	5.000	20	4	0.00	0.00	-60.000	0.000	0.000	0.000	0.000	01	20	0.000	0	0.00								
20	F0110	0	0	FRESCH CT 114 A	12352000	KGM	KGS.	0.000	0.000	0.00	182.04	91.02	1.000	5.000	20	4	0.00	0.00	0.000	0.000	0.000	0.000	0.000	01	20	0.000	0	0.00								
20	CT381	0	0	BOSQUES 381 CT	12352000	KGM	KGS.	0.000	0.000	0.00	48.28	24.14	1.000	5.000	20	4	0.00	0.00	0.000	0.000	0.000	0.000	0.000	01	20	0.000	0	0.00								
20	CT0584	0	0	NORDIKO CT0584	12352000	KGM	KGS.	0.000	0.000	0.00	33.66	16.83	1.000	5.000	20	4	0.00	0.00	0.000	0.000	0.000	0.000	0.000	01	20	0.000	0	0.00								
20	CT257	0	0	ROSAS CT 257	12352000	KGM	KGS.	0.000	0.000	0.00	29.10	14.55	1.000	5.000	20	4	0.00	0.00	0.000	0.000	0.000	0.000	0.000	01	20	0.000	0	0.00								
21	S0700	0	0	SOFNEES  SIN FORMULA	12352000	KGM	KGS.	0.000	0.000	0.00	68.88	34.44	1.000	5.000	21	4	0.00	0.00	-150.000	0.000	0.000	0.000	0.000	01	21	0.000	0	0.00								
20	S0710	0	0	SOFTNESS AG 01	12352000	KGM	KGS.	0.000	0.000	0.00	88.12	44.06	1.000	5.000	20	4	0.00	0.00	0.000	0.000	0.000	0.000	0.000	01	20	0.000	0	0.00								
20	CT904	0	0	MANZANA CT 0904	12352000	KGM	KGS.	0.000	0.000	0.00	15.68	7.84	1.000	5.000	20	4	0.00	0.00	0.000	0.000	0.000	0.000	0.000	01	20	0.000	0	0.00								
20	F8021	0	0	NORDIKO AG 02	12352000	KGM	KGS.	0.000	0.000	0.00	25.80	12.90	1.000	5.000	20	4	0.00	0.00	0.000	0.000	0.000	0.000	0.000	01	20	0.000	0	0.00								
20	C2652	0	0	CEREZA AG 04	12352000	KGM	KGS.	0.000	0.000	0.00	39.10	19.55	1.000	5.000	20	4	0.00	0.00	0.000	0.000	0.000	0.000	0.000	01	20	0.000	0	0.00								
01	M1401	0	0	MENTA TERPENOS	12352000	KGM	KGS.	52.940	52.300	0.00	6.33	0.00	10.000	15.000	01	4	335.11	331.06	-262.000	0.000	0.000	0.000	0.000	1	01	0.000	0	0.00								
01	V4900	0	0	VERATRALDEHIDO	12352000	KGM	KGS.	0.000	0.000	0.00	24.60	0.00	2.500	5.000	01	4	0.00	0.00	0.000	0.000	0.000	0.000	0.000	1	01	0.000	0	0.00								
20	B1001	0	0	BEBE P.A.A.  (LECHOSO)	12352000	KGM	KGS.	0.000	0.000	0.00	20.46	10.23	1.000	5.000	20	4	0.00	0.00	0.000	0.000	0.000	0.000	0.000	1	20	0.000	0	0.00								
01	C5001	0	0	CITRATHAL  ***	12352000	KGM	KGS.	0.000	0.000	0.00	51.49	0.00	1.000	5.000	01	4	0.00	0.00	0.000	0.000	0.000	0.000	0.000	1	01	0.000	0	0.00								
01	G1601	0	0	GAMMA HEXALACTONA	12352000	KGM	KGS.	0.500	0.500	0.00	10.00	0.00	0.000	0.000	01	4	5.00	5.00	0.000	0.000	0.000	0.000	0.000	1	01	0.000	0	0.00								
01	G1602	0	0	GAMMA DODECALACTONA	12352000	KGM	KGS.	0.000	0.000	0.00	29.08	0.00	3.000	5.000	01	4	0.00	0.00	-5.000	0.000	0.000	0.000	0.000	1	01	0.000	0	0.00	2305-05-7							
01	C6500	0	0	CITRYLLYL NITRILE	12352000	KGM	KGS.	0.000	0.000	0.00	18.50	0.00	0.000	1.000	01	4	0.00	0.00	0.000	0.000	0.000	0.000	0.000	1	01	0.000	0	0.00								
20	R6010	0	0	ROSAS AG 01 FRAGANCIA BASE ACEITE	12352000	KGM	KGS.	0.000	0.000	0.00	12.50	6.25	1.000	5.000	20	4	0.00	0.00	0.000	0.000	0.000	0.000	0.000	01	20	0.000	0	0.00								
10	C8470	0	0	COL. AIR DE TEMPS	12352000	KGM	KGS.	0.000	0.000	0.00	5.00	0.00	1.000	5.000	10	4	0.00	0.00	0.000	0.000	0.000	0.000	0.000	1	10	0.000	0	0.00								
10	C9465	0	0	COL. PARIS	12352000	KGM	KGS.	0.000	0.000	0.00	5.00	0.00	1.000	5.000	10	4	0.00	0.00	0.000	0.000	0.000	0.000	0.000	1	10	0.000	0	0.00								
10	C9460	0	0	COL. PACO RABANE	12352000	KGM	KGS.	0.000	0.000	0.00	5.00	0.00	1.000	5.000	10	4	0.00	0.00	0.000	0.000	0.000	0.000	0.000	1	10	0.000	0	0.00								
31	C0210	0	0	CARLO CORINTO FRAGANCIA	12352000	KGM	KGS.	0.000	0.000	0.00	150.00	0.00	1.000	5.000	31	4	0.00	0.00	0.000	0.000	0.000	0.000	0.000	1	31	0.000	0	0.00								
21	M5710	0	0	7 MACHOS FRAGANCIA SRA.HERRERA	12352000	KGM	KGS.	0.000	0.000	0.00	88.96	44.48	1.000	5.000	21	4	0.00	0.00	0.000	0.000	0.000	0.000	0.000	01	21	0.000	0	0.00								
20	A2794	0	0	AMBAR FLORAL	12352000	KGM	KGS.	0.000	0.000	0.00	126.36	63.18	1.000	5.000	20	4	0.00	0.00	0.000	0.000	0.000	0.000	0.000	1	20	0.000	0	0.00								
01	C8001	0	0			KGM	KGS.	0.000	0.000	0.00	0.00	0.00	0.000	0.000	01	4	0.00	0.00	0.000	0.000	0.000	0.000	0.000			0.000	0	0.00								
40	24-100	0	0	VAINILLA CR 11928 SABOR	12352000	KGM	KGS.	0.000	0.000	0.00	14.94	7.47	1.000	5.000	40	4	0.00	0.00	0.000	0.000	0.000	0.000	0.000	40	40	0.000	0	20.00								
40	06-24	0	0	FLORALIA CR-11086	12352000	KGM	KGS.	0.000	0.000	0.00	12.20	6.10	1.000	5.000	40	4	0.00	0.00	0.000	0.000	0.000	0.000	0.000	01	40	1.000	1	20.00								
40	02-100	0	0	BERGAMOTA AC. ESC. ZESTE CR-602	12352000	KGM	KGS.	0.000	0.000	0.00	24.70	12.35	1.000	5.000	40	4	0.00	0.00	0.000	0.000	0.000	0.000	0.000	01	40	0.000	0	0.00								
40	12-25	0	0	LIMA CR-11005	12352000	KGM	KGS.	0.000	0.000	0.00	27.40	13.70	1.000	5.000	40	4	0.00	0.00	0.000	0.000	0.000	0.000	0.000	01	40	0.000	0	0.00								
40	12-27	0	0	LIMON CR-11016	12352000	KGM	KGS.	0.000	0.000	0.00	22.64	11.32	1.000	5.000	40	4	0.00	0.00	0.000	0.000	0.000	0.000	0.000	01	40	0.000	0	0.00								
40	12-23	0	0	LIMA R  CR-11324-H	12352000	KGM	KGS.	0.000	0.000	0.00	18.44	9.22	1.000	5.000	40	4	0.00	0.00	0.000	0.000	0.000	0.000	0.000	01	40	0.000	0	0.00								
40	12-15	0	0	LIMON REAL AC. ESC. CR-604	12352000	KGM	KGS.	0.000	0.000	0.00	23.68	11.84	1.000	5.000	40	4	0.00	0.00	0.000	0.000	0.000	0.000	0.000	01	40	0.000	0	0.00								
01	M1610	0	0	MENTILO ACETATO	12352000	KGM	KGS.	0.000	0.000	0.00	36.90	0.00	3.000	5.000	01	4	0.00	0.00	0.000	0.000	0.000	0.000	0.000	1	01	0.000	0	0.00								
40	06-20	0	0	F I X C R O L	12352000	KGM	KGS.	0.000	0.000	0.00	29.94	14.97	1.000	5.000	40	4	0.00	0.00	0.000	0.000	0.000	0.000	0.000	01	40	0.000	0	0.00								
40	12-24	0	0	LIMA LIMON CR 11545/H	12352000	KGM	KGS.	0.000	0.000	0.00	15.18	7.59	1.000	5.000	40	4	0.00	0.00	0.000	0.000	0.000	0.000	0.000	01	40	0.000	0	0.00								
40	12-22	0	0	LIMON CR 11021	12352000	KGM	KGS.	0.000	0.000	0.00	18.30	9.15	1.000	5.000	40	4	0.00	0.00	0.000	0.000	0.000	0.000	0.000	01	40	0.000	0	0.00								
40	12-10	0	0	LAVANDA CR-11055	12352000	KGM	KGS.	0.000	0.000	0.00	0.00	0.00	1.000	5.000	40	4	0.00	0.00	0.000	0.000	0.000	0.000	0.000	01	40	0.000	0	0.00								
40	14-21	0	0	OILLET FLEUR	12352000	KGM	KGS.	0.000	0.000	0.00	21.10	10.55	1.000	5.000	40	4	0.00	0.00	0.000	0.000	0.000	0.000	0.000	40	40	0.000	0	0.00								
40	17-12	0	0	ROMERO CR 11018 (SUST)	12352000	KGM	KGS.	0.000	0.000	0.00	16.54	8.27	1.000	5.000	40	4	0.00	0.00	0.000	0.000	0.000	0.000	0.000	01	40	0.000	0	0.00								
40	17-07	0	0	ROSA CR 11947	12352000	KGM	KGS.	0.000	0.000	0.00	14.68	7.34	1.000	5.000	40	4	0.00	0.00	0.000	0.000	0.000	0.000	0.000	01	40	0.000	0	0.00								
40	17-08	0	0	ROSA CR 11947/H	12352000	KGM	KGS.	0.000	0.000	0.00	0.00	0.00	1.000	5.000	40	4	0.00	0.00	0.000	0.000	0.000	0.000	0.000	01	40	0.000	0	0.00								
40	17-09	0	0	ROSA CR 11947-1	12352000	KGM	KGS.	0.000	0.000	0.00	18.36	9.18	1.000	5.000	40	4	0.00	0.00	0.000	0.000	0.000	0.000	0.000	01	40	0.000	0	0.00								
40	17-51	0	0	RESC. MUSGO DE ENCINO B-49	12352000	KGM	KGS.	0.000	0.000	0.00	238.00	119.00	1.000	5.000	40	4	0.00	0.00	0.000	0.000	0.000	0.000	0.000	01	40	0.000	0	0.00								
40	17-10	0	0	ROSA CR-11947-2	12352000	KGM	KGS.	0.000	0.000	0.00	22.46	11.23	1.000	5.000	40	4	0.00	0.00	0.000	0.000	0.000	0.000	0.000	01	40	0.000	0	0.00								
40	17-11	0	0	ROSA AR-11947-2 REF	12352000	KGM	KGS.	0.000	0.000	0.00	24.16	12.08	1.000	5.000	40	4	0.00	0.00	0.000	0.000	0.000	0.000	0.000	01	40	0.000	0	0.00								
40	01-12	0	0	AC.ESC. LAVANDA CR 515	12352000	KGM	KGS.	0.000	0.000	0.00	33.38	16.69	1.000	5.000	40	4	0.00	0.00	0.000	0.000	0.000	0.000	0.000	01	40	0.000	0	0.00								
40	01-01	0	0	AC.ESC. PALO DE ROSA 50% DF	12352000	KGM	KGS.	0.000	0.000	0.00	0.00	0.00	1.000	5.000	40	4	0.00	0.00	0.000	0.000	0.000	0.000	0.000	01	40	0.000	0	0.00								
40	01-26	0	0	AC.ESC PETIT GREIN 50% DPG	12352000	KGM	KGS.	0.000	0.000	0.00	0.00	0.00	1.000	5.000	40	4	0.00	0.00	0.000	0.000	0.000	0.000	0.000	01	40	0.000	0	0.00								
40	01-27	0	0	AC.ESC. VETIVER BRASIL CR 543	12352000	KGM	KGS.	0.000	0.000	0.00	291.22	145.61	1.000	5.000	40	4	0.00	0.00	0.000	0.000	0.000	0.000	0.000	01	40	0.000	0	0.00								
40	02-34	0	0	BASE CR 19005	12352000	KGM	KGS.	0.000	0.000	0.00	143.48	71.74	1.000	5.000	40	4	0.00	0.00	0.000	0.000	0.000	0.000	0.000	01	40	0.000	0	0.00								
40	02-24	0	0	BERGAMOTA CR 11010	12352000	KGM	KGS.	0.000	0.000	0.00	26.96	13.48	1.000	5.000	40	4	0.00	0.00	0.000	0.000	0.000	0.000	0.000	01	40	0.000	0	0.00								
40	14-12	0	0	6 METIL CUMARINA SUBST NF	12352000	KGM	KGS.	0.000	0.000	0.00	80.16	40.08	1.000	5.000	40	4	0.00	0.00	0.000	0.000	0.000	0.000	0.000	01	40	0.000	0	0.00								
40	17-36	0	0	ROMERO CR-11018	12352000	KGM	KGS.	0.000	0.000	0.00	16.54	8.27	1.000	5.000	40	4	0.00	0.00	0.000	0.000	0.000	0.000	0.000	01	40	0.000	0	0.00								
40	04-10	0	0	CHICLE CR-16112/H	12352000	KGM	KGS.	0.000	0.000	0.00	19.00	9.50	1.000	5.000	40	4	0.00	0.00	0.000	0.000	0.000	0.000	0.000	01	40	0.000	0	0.00								
40	04-09	0	0	CHICLE CR-16065	12352000	KGM	KGS.	0.000	0.000	0.00	22.16	11.08	1.000	5.000	40	4	0.00	0.00	0.000	0.000	0.000	0.000	0.000	01	40	0.000	0	0.00								
40	03-12	0	0	CANELA CR-16028	12352000	KGM	KGS.	0.000	0.000	0.00	11.38	5.69	1.000	5.000	40	4	0.00	0.00	0.000	0.000	0.000	0.000	0.000	01	40	0.000	0	0.00								
40	15-31	0	0	PLATANO CR-55029/M	12352000	KGM	KGS.	0.000	0.000	0.00	10.56	5.28	1.000	5.000	40	4	0.00	0.00	0.000	0.000	0.000	0.000	0.000	01	40	0.000	0	0.00								
40	12-47	0	0	LIMA CR-11005	12352000	KGM	KGS.	0.000	0.000	0.00	72.58	36.29	1.000	5.000	40	4	0.00	0.00	0.000	0.000	0.000	0.000	0.000	01	40	0.000	0	0.00								
40	12-48	0	0	LAVANDA CR-11307-H	12352000	KGM	KGS.	0.000	0.000	0.00	13.22	6.61	1.000	5.000	40	4	0.00	0.00	0.000	0.000	0.000	0.000	0.000	01	40	0.000	0	0.00								
40	12-49	0	0	LAVANDA M. CR-11307	12352000	KGM	KGS.	0.000	0.000	0.00	16.08	8.04	1.000	5.000	40	4	0.00	0.00	0.000	0.000	0.000	0.000	0.000	01	40	0.000	0	0.00								
40	03-33	0	0	CANELA CR-11340	12352000	KGM	KGS.	0.000	0.000	0.00	16.50	8.25	1.000	5.000	40	4	0.00	0.00	0.000	0.000	0.000	0.000	0.000	01	40	0.000	0	0.00								
40	24-74	0	0	VAINILLA CR-55001/A	12352000	KGM	KGS.	0.000	0.000	0.00	13.18	6.59	1.000	5.000	40	4	0.00	0.00	0.000	0.000	0.000	0.000	0.000	01	40	0.000	0	0.00								
40	01-02	0	0	AC.ESC. LEMONGRASS	12352000	KGM	KGS.	0.000	0.000	0.00	20.28	0.00	1.000	5.000	40	4	0.00	0.00	0.000	0.000	0.000	0.000	0.000	01	40	0.000	0	0.00	8007-02-1	-				S		
40	12-48-1	0	0	LAVANDA CR 11307-H	12352000	KGM	KGS.	0.000	0.000	0.00	13.90	6.95	1.000	5.000	40	4	0.00	0.00	0.000	0.000	0.000	0.000	0.000	40	40	0.000	0	0.00								
40	02-35	0	0	BASE CR-88001	12352000	KGM	KGS.	0.000	0.000	0.00	0.00	0.00	1.000	5.000	40	4	0.00	0.00	0.000	0.000	0.000	0.000	0.000	01	40	0.000	0	0.00								
40	14-10	0	0	MALTOL SOL 1% PG	12352000	KGM	KGS.	0.000	0.000	0.00	0.00	0.00	1.000	5.000	40	4	0.00	0.00	0.000	0.000	0.000	0.000	0.000	01	40	0.000	0	0.00								
40	03-100	0	0	COLOR CARAMELO COLORMEX RS	12352000	KGM	KGS.	0.000	0.000	0.00	1.22	0.00	1.000	5.000	40	4	0.00	0.00	0.000	0.000	0.000	0.000	0.000	01	40	0.000	0	0.00								
40	03-34	0	0	CANELA CR-11340/H	12352000	KGM	KGS.	0.000	0.000	0.00	16.26	8.13	1.000	5.000	40	4	0.00	0.00	0.000	0.000	0.000	0.000	0.000	01	40	0.000	0	0.00								
40	01-10	0	0	AC. CIS 3 1% HEXENILO EN DEP	12352000	KGM	KGS.	0.000	0.000	0.00	0.00	0.00	1.000	5.000	40	4	0.00	0.00	0.000	0.000	0.000	0.000	0.000	01	40	0.000	0	0.00								
40	12-50	0	0	LAVANDA CR 515	12352000	KGM	KGS.	0.000	0.000	0.00	33.38	16.69	1.000	5.000	40	4	0.00	0.00	0.000	0.000	0.000	0.000	0.000	01	40	0.000	0	0.00								
40	01-25	0	0	AC.ESC. LAVANDIN CR-516	12352000	KGM	KGS.	0.000	0.000	0.00	31.98	15.99	1.000	5.000	40	4	0.00	0.00	0.000	0.000	0.000	0.000	0.000	01	40	0.000	0	0.00								
40	04-11	0	0	CHICLE CR 16065-1/H	12352000	KGM	KGS.	0.000	0.000	0.00	20.20	10.10	1.000	5.000	40	4	0.00	0.00	0.000	0.000	0.000	0.000	0.000	01	40	0.000	0	0.00								
40	17-60	0	0	RES. ELEMI 50% TERP.LIMON	12352000	KGM	KGS.	0.000	0.000	0.00	29.24	14.62	1.000	5.000	40	4	0.00	0.00	0.000	0.000	0.000	0.000	0.000	01	40	0.000	0	0.00								
40	03-74	0	0	CRISOLIDE	12352000	KGM	KGS.	0.000	0.000	0.00	44.30	0.00	1.000	5.000	40	4	0.00	0.00	0.000	0.000	0.000	0.000	0.000	01	40	0.000	0	0.00								
01	S4000	0	0	S O R B I T O L	12352000	KGM	KGS.	0.000	0.000	0.00	1.50	0.00	0.000	0.000	01	4	0.00	0.00	0.000	0.000	0.000	0.000	0.000	1	01	0.000	0	0.00								
40	S-32	0	0	SALICILATO DE BENCILO 50% ACT. BUTILO	12352000	KGM	KGS.	0.000	0.000	0.00	0.00	0.00	1.000	5.000	40	4	0.00	0.00	0.000	0.000	0.000	0.000	0.000	01	40	0.000	0	0.00								
20	P6310	0	0	PONS FRAGANCIA P/CREMA COND FV01	12352000	KGM	KGS.	0.000	0.000	0.00	39.46	19.73	1.000	5.000	20	4	0.00	0.00	0.000	0.000	0.000	0.000	0.000	01	20	0.000	0	0.00								
40	01-30	0	0	AC.ESC. SANDALO SINT CR 519	12352000	KGM	KGS.	0.000	0.000	0.00	15.02	7.51	1.000	5.000	40	4	0.00	0.00	0.000	0.000	0.000	0.000	0.000	01	40	0.000	0	0.00								
40	02-45	0	0	BOUQUET 21447 P/SHAMPOO	12352000	KGM	KGS.	0.000	0.000	0.00	18.22	9.11	1.000	5.000	40	4	0.00	0.00	0.000	0.000	0.000	0.000	0.000	01	40	0.000	0	0.00								
40	01-24	0	0	AC.ESC. PALO DE ROSA NF	12352000	KGM	KGS.	0.000	0.000	0.00	24.92	12.46	1.000	5.000	40	4	0.00	0.00	0.000	0.000	0.000	0.000	0.000	01	40	0.000	0	0.00								
40	01-28	0	0	AC.ESC. TAGETTE	12352000	KGM	KGS.	0.000	0.000	0.00	325.00	0.00	1.000	5.000	40	4	0.00	0.00	0.000	0.000	0.000	0.000	0.000	01	40	0.000	0	0.00								
40	19-22	0	0	TONALIDE LOTE NC	12352000	KGM	KGS.	0.000	0.000	0.00	0.00	0.00	1.000	5.000	40	4	0.00	0.00	0.000	0.000	0.000	0.000	0.000	01	40	0.000	0	0.00								
40	14-09	0	0	MOUGUET LONGECHAPS SUBST 84 A 10	12352000	KGM	KGS.	0.000	0.000	0.00	19.80	9.90	1.000	5.000	40	4	0.00	0.00	0.000	0.000	0.000	0.000	0.000	01	40	0.000	0	0.00								
40	01-100	0	0	AC. ESC. SASAFRAS	12352000	KGM	KGS.	0.000	0.000	0.00	10.40	0.00	1.000	5.000	40	4	0.00	0.00	0.000	0.000	0.000	0.000	0.000	01	40	0.000	0	0.00								
40	02-25	0	0	BERGAMOTA SINT DL77-3	12352000	KGM	KGS.	0.000	0.000	0.00	28.94	14.47	1.000	5.000	40	4	0.00	0.00	0.000	0.000	0.000	0.000	0.000	01	40	0.000	0	0.00								
40	04-100	0	0	DIMETOL SUBST NF	12352000	KGM	KGS.	0.000	0.000	0.00	42.12	21.06	1.000	5.000	40	4	0.00	0.00	0.000	0.000	0.000	0.000	0.000	01	40	0.000	0	0.00								
40	04-150	0	0	DULCIONE DL	12352000	KGM	KGS.	0.000	0.000	0.00	0.00	0.00	1.000	5.000	40	4	0.00	0.00	0.000	0.000	0.000	0.000	0.000	01	40	0.000	0	0.00								
40	01-40	0	0	ALDEHICO C10 10% BB	12352000	KGM	KGS.	0.000	0.000	0.00	10.58	5.29	1.000	5.000	40	4	0.00	0.00	0.000	0.000	0.000	0.000	0.000	01	40	0.000	0	0.00								
40	03-60	0	0	CITRAL 10% BB	12352000	KGM	KGS.	0.000	0.000	0.00	11.44	5.72	1.000	5.000	40	4	0.00	0.00	0.000	0.000	0.000	0.000	0.000	01	40	0.000	0	0.00								
40	01-45	0	0	ALDEHIDO C 16   10%BB	12352000	KGM	KGS.	0.000	0.000	0.00	10.88	5.44	1.000	5.000	40	4	0.00	0.00	0.000	0.000	0.000	0.000	0.000	01	40	0.000	0	0.00								
40	01-46	0	0	ALDEHIDO C 14  10% BB	12352000	KGM	KGS.	0.000	0.000	0.00	11.30	5.65	1.000	5.000	40	4	0.00	0.00	0.000	0.000	0.000	0.000	0.000	01	40	0.000	0	0.00								
40	06-21	0	0	FIXATEUR 404 NF	12352000	KGM	KGS.	0.000	0.000	0.00	57.66	28.83	1.000	5.000	40	4	0.00	0.00	0.000	0.000	0.000	0.000	0.000	01	40	0.000	0	0.00								
40	08-20	0	0	HIDROXICITRONELLAL SNF	12352000	KGM	KGS.	0.000	0.000	0.00	20.54	10.27	1.000	5.000	40	4	0.00	0.00	0.000	0.000	0.000	0.000	0.000	01	40	0.000	0	0.00								
40	09-10	0	0	INDOL 10% DPG	12352000	KGM	KGS.	0.000	0.000	0.00	0.00	0.00	1.000	5.000	40	4	0.00	0.00	0.000	0.000	0.000	0.000	0.000	01	40	0.000	0	0.00								
40	12-51	0	0	LAVANDA CR 11350-H	12352000	KGM	KGS.	0.000	0.000	0.00	17.22	8.61	1.000	5.000	40	4	0.00	0.00	0.000	0.000	0.000	0.000	0.000	01	40	0.000	0	0.00								
40	12-52	0	0	LAVANDA CR-11067	12352000	KGM	KGS.	0.000	0.000	0.00	50.20	25.10	1.000	5.000	40	4	0.00	0.00	0.000	0.000	0.000	0.000	0.000	01	40	0.000	0	0.00								
40	09-20	0	0	DAMASCONE 10% DEP	12352000	KGM	KGS.	0.000	0.000	0.00	0.00	0.00	1.000	5.000	40	4	0.00	0.00	0.000	0.000	0.000	0.000	0.000	01	40	0.000	0	0.00								
40	07-10	0	0	GAMA DECALACTONA 10% DEP	12352000	KGM	KGS.	0.000	0.000	0.00	0.00	0.00	1.000	5.000	40	4	0.00	0.00	0.000	0.000	0.000	0.000	0.000	01	40	0.000	0	0.00								
40	07-20	0	0	GERANIOL CNF	12352000	KGM	KGS.	0.000	0.000	0.00	17.76	8.88	1.000	5.000	40	4	0.00	0.00	0.000	0.000	0.000	0.000	0.000	01	40	0.000	0	0.00								
40	06-15	0	0	FOUGERE LAVANDA CR 15002	12352000	KGM	KGS.	0.000	0.000	0.00	31.00	15.50	1.000	5.000	40	4	0.00	0.00	0.000	0.000	0.000	0.000	0.000	01	40	0.000	0	0.00								
40	11-21	0	0	JAZMIN SOL 10% ALCOHOL	12352000	KGM	KGS.	0.000	0.000	0.00	0.00	0.00	1.000	5.000	40	4	0.00	0.00	0.000	0.000	0.000	0.000	0.000	01	40	0.000	0	0.00								
40	19-21	0	0	TOTALIDE 50 NF	12352000	KGM	KGS.	0.000	0.000	0.00	30.68	15.34	1.000	5.000	40	4	0.00	0.00	0.000	0.000	0.000	0.000	0.000	01	40	0.000	0	0.00								
40	01-18	0	0	ADOXAL 10% ND EN DEP	12352000	KGM	KGS.	0.000	0.000	0.00	0.00	0.00	1.000	5.000	40	4	0.00	0.00	0.000	0.000	0.000	0.000	0.000	01	40	0.000	0	0.00								
40	02-26	0	0	BASE CR 88005	12352000	KGM	KGS.	0.000	0.000	0.00	8.06	4.03	1.000	5.000	40	4	0.00	0.00	0.000	0.000	0.000	0.000	0.000	01	40	0.000	0	0.00								
40	14-08	0	0	METIL HEXIL CETONA	12352000	KGM	KGS.	0.000	0.000	0.00	5.20	0.00	1.000	5.000	40	4	0.00	0.00	-147.100	0.000	0.000	0.000	0.000	01	40	0.000	0	0.00	111-13-7	1224	S			S		
40	19-20	0	0	TONALIDE NC NF	12352000	KGM	KGS.	0.000	0.000	0.00	13.08	6.54	1.000	5.000	40	4	0.00	0.00	0.000	0.000	0.000	0.000	0.000	01	40	0.000	0	0.00								
40	11-20	0	0	KOAVONE NF	12352000	KGM	KGS.	0.000	0.000	0.00	8.28	4.14	1.000	5.000	40	4	0.00	0.00	0.000	0.000	0.000	0.000	0.000	01	40	0.000	0	0.00								
40	01-70	0	0	AC.ESC. SANDALO MYSORES CR 601	12352000	KGM	KGS.	0.000	0.000	0.00	38.92	19.46	1.000	5.000	40	4	0.00	0.00	0.000	0.000	0.000	0.000	0.000	01	40	0.000	0	0.00								
40	18-25	0	0	SALICILATO DE CIS 3 HEXENILO NF	12352000	KGM	KGS.	0.000	0.000	0.00	0.00	0.00	1.000	5.000	40	4	0.00	0.00	0.000	0.000	0.000	0.000	0.000	01	40	0.000	0	0.00								
40	01-65	0	0	AMBER ALVA NF	12352000	KGM	KGS.	0.000	0.000	0.00	81.94	40.97	1.000	5.000	40	4	0.00	0.00	0.000	0.000	0.000	0.000	0.000	01	40	0.000	0	0.00								
40	27-10	0	0	YLANG N.5 RIFM D2	12352000	KGM	KGS.	0.000	0.000	0.00	0.00	0.00	1.000	5.000	40	4	0.00	0.00	0.000	0.000	0.000	0.000	0.000	01	40	0.000	0	0.00								
40	01-60	0	0	ALDEHIDO AMIL CINAMICO DIETIL ACETIL NF	12352000	KGM	KGS.	0.000	0.000	0.00	0.00	0.00	1.000	5.000	40	4	0.00	0.00	0.000	0.000	0.000	0.000	0.000	01	40	0.000	0	0.00								
40	14-07	0	0	MANTEQUILLA CR 55024/A	12352000	KGM	KGS.	0.000	0.000	0.00	13.06	6.53	1.000	5.000	40	4	0.00	0.00	0.000	0.000	0.000	0.000	0.000	01	40	0.000	0	0.00								
40	04-99	0	0	DIACETILO 10% DEP	12352000	KGM	KGS.	0.000	0.000	0.00	0.00	0.00	1.000	5.000	40	4	0.00	0.00	0.000	0.000	0.000	0.000	0.000	01	40	0.000	0	0.00								
40	01-101	0	0	AURANTIOL NF 50% EN DEP	12352000	KGM	KGS.	0.000	0.000	0.00	0.00	0.00	1.000	5.000	40	4	0.00	0.00	0.000	0.000	0.000	0.000	0.000	01	40	0.000	0	0.00								
40	09-15	0	0	ISO DAMASCONE 10% DEP	12352000	KGM	KGS.	0.000	0.000	0.00	0.00	0.00	1.000	5.000	40	4	0.00	0.00	0.000	0.000	0.000	0.000	0.000	01	40	0.000	0	0.00								
40	03-03	0	0	CEREZA CR 55039/M	12352000	KGM	KGS.	0.000	0.000	0.00	21.88	10.94	1.000	5.000	40	4	0.00	0.00	0.000	0.000	0.000	0.000	0.000	01	40	0.000	0	0.00								
40	03-04	0	0	CEREZA AMARENA CR 55005/A	12352000	KGM	KGS.	0.000	0.000	0.00	7.30	3.65	1.000	5.000	40	4	0.00	0.00	0.000	0.000	0.000	0.000	0.000	01	40	0.000	0	0.00								
40	01-04	0	0	ACETATO DE AMILO G.A.	12352000	KGM	KGS.	0.000	0.000	0.00	0.00	0.00	0.000	5.000	40	4	0.00	0.00	0.000	0.000	0.000	0.000	0.000	01	40	0.000	0	0.00								
40	01-03	0	0	ABSOLUTO DE LIRIO SOL 5% ALCOHOL	12352000	KGM	KGS.	0.000	0.000	0.00	0.00	0.00	1.000	5.000	40	4	0.00	0.00	0.000	0.000	0.000	0.000	0.000	40	40	0.000	0	0.00								
40	01-23	0	0	AC.ESC. PATCHULY CR 536	12352000	KGM	KGS.	0.000	0.000	0.00	65.98	32.99	1.000	5.000	40	4	0.00	0.00	0.000	0.000	0.000	0.000	0.000	40	40	0.000	0	0.00								
40	01-64	0	0	AC.ESC. GERANIO BOURBON LTE:AC	12352000	KGM	KGS.	0.000	0.000	0.00	170.60	85.30	1.000	5.000	40	4	0.00	0.00	0.000	0.000	0.000	0.000	0.000	01	40	0.000	0	0.00								
40	01-63	0	0	ALDEHIDO FENIL ACETICO 50% BB	12352000	KGM	KGS.	0.000	0.000	0.00	5.16	2.58	1.000	5.000	40	4	0.00	0.00	0.000	0.000	0.000	0.000	0.000	01	40	0.000	0	0.00								
40	01-61	0	0	ALDEHIDO BENZOICO GA	12352000	KGM	KGS.	0.000	0.000	0.00	0.00	0.00	1.000	5.000	40	4	0.00	0.00	0.000	0.000	0.000	0.000	0.000	01	40	0.000	0	0.00								
40	01-62	0	0	ALDEHIDO BENZOICO TEC SOL 1% FT ET	12352000	KGM	KGS.	0.000	0.000	0.00	5.16	2.58	1.000	5.000	40	4	0.00	0.00	0.000	0.000	0.000	0.000	0.000	01	40	0.000	0	0.00								
40	01-39	0	0	ALCANFOR SINTETICO SOL 10% FT ET	12352000	KGM	KGS.	0.000	0.000	0.00	6.58	3.29	1.000	5.000	40	4	0.00	0.00	0.000	0.000	0.000	0.000	0.000	01	40	0.000	0	0.00								
40	03-02	0	0	CEREZA CR 55039/A	12352000	KGM	KGS.	0.000	0.000	0.00	11.98	5.99	1.000	5.000	40	4	0.00	0.00	0.000	0.000	0.000	0.000	0.000	01	40	0.000	0	0.00								
40	04-101	0	0	DIMETIL SULFIDE EN DEP	12352000	KGM	KGS.	0.000	0.000	0.00	32.42	16.21	1.000	5.000	40	4	0.00	0.00	0.000	0.000	0.000	0.000	0.000	01	40	0.000	0	0.00								
40	06-10	0	0	FRAMBUESA CR 55030/M	12352000	KGM	KGS.	0.000	0.000	0.00	5.76	2.88	1.000	5.000	40	4	0.00	0.00	0.000	0.000	0.000	0.000	0.000	01	40	0.000	0	0.00								
40	07-21	0	0	GERANIO SUBST CR 11006	12352000	KGM	KGS.	0.000	0.000	0.00	71.64	35.82	1.000	5.000	40	4	0.00	0.00	0.000	0.000	0.000	0.000	0.000	01	40	0.000	0	0.00								
40	09-11	0	0	ISO BUTIL QUINOLEINE SOLL 1% FT ET	12352000	KGM	KGS.	0.000	0.000	0.00	16.74	8.37	1.000	5.000	40	4	0.00	0.00	0.000	0.000	0.000	0.000	0.000	01	40	0.000	0	0.00								
40	09-12	0	0	IONONA JABON 10% RES DE CITRONELA	12352000	KGM	KGS.	0.000	0.000	0.00	15.65	0.00	1.000	5.000	40	4	0.00	0.00	0.000	0.000	0.000	0.000	0.000	01	40	0.000	0	0.00								
40	14-06	0	0	METIL IONONA GAMA SOL 10% ALCOHOL	12352000	KGM	KGS.	0.000	0.000	0.00	4.96	2.48	1.000	5.000	40	4	0.00	0.00	0.000	0.000	0.000	0.000	0.000	01	40	0.000	0	0.00								
40	17-90	0	0	ROJO CR 9104 5% AGUA	12352000	KGM	KGS.	0.000	0.000	0.00	0.00	0.00	1.000	5.000	40	4	0.00	0.00	0.000	0.000	0.000	0.000	0.000	01	40	0.000	0	0.00								
40	17-06	0	0	ROSA NOVO P/ALIMENTOS NF	12352000	KGM	KGS.	0.000	0.000	0.00	20.18	10.09	1.000	5.000	40	4	0.00	0.00	0.000	0.000	0.000	0.000	0.000	01	40	0.000	0	0.00								
40	17-51-1	0	0	RESC. DE MUSGO B49 50% BB	12352000	KGM	KGS.	0.000	0.000	0.00	243.16	121.58	1.000	5.000	40	4	0.00	0.00	0.000	0.000	0.000	0.000	0.000	01	40	0.000	0	0.00								
40	18-20	0	0	SANDELA CR 519	12352000	KGM	KGS.	0.000	0.000	0.00	15.02	7.51	1.000	5.000	40	4	0.00	0.00	0.000	0.000	0.000	0.000	0.000	01	40	0.000	0	0.00								
40	14-01	0	0	7 MACHOS CR 18052	12352000	KGM	KGS.	0.000	0.000	0.00	62.24	31.12	1.000	5.000	40	4	0.00	0.00	0.000	0.000	0.000	0.000	0.000	01	40	0.000	0	0.00								
40	01-11	0	0	AC.ESC. CANELA CHINA	12352000	KGM	KGS.	0.000	0.000	0.00	14.90	0.00	1.000	5.000	40	4	0.00	0.00	0.000	0.000	0.000	0.000	0.000	01	40	0.000	0	0.00	8007-80-5	-				S		
40	05-20	0	0	ETHER DE RON	12352000	KGM	KGS.	0.000	0.000	0.00	3.14	1.57	1.000	5.000	40	4	0.00	0.00	-2317.000	0.000	0.000	0.000	0.000	01	40	0.000	0	0.00	8030-89-5	1993						
40	02-25-1	0	0	BERGAMOTA SINT. 77A3DL VER 02-25	12352000	KGM	KGS.	0.000	0.000	0.00	28.94	14.47	1.000	5.000	40	4	0.00	0.00	0.000	0.000	0.000	0.000	0.000	01	40	0.000	0	0.00								
40	03-61	0	0	CITRAL DIMETIL ACETAL	12352000	KGM	KGS.	0.000	0.000	0.00	0.00	0.00	1.000	5.000	40	4	0.00	0.00	0.000	0.000	0.000	0.000	0.000	01	40	0.000	0	0.00								
40	01-11-1	0	0	AC. ESC. CANELA CHINA 10% DPG	12352000	KGM	KGS.	0.000	0.000	0.00	0.00	0.00	1.000	5.000	40	4	0.00	0.00	0.000	0.000	0.000	0.000	0.000	01	40	0.000	0	0.00								
40	05-10-1	0	0	ESTIRENO 10% EN DEP	12352000	KGM	KGS.	0.000	0.000	0.00	0.00	0.00	1.000	5.000	40	4	0.00	0.00	0.000	0.000	0.000	0.000	0.000	01	40	0.000	0	0.00								
40	05-10	0	0	ESTIRENO	12352000	KGM	KGS.	0.000	0.000	0.00	1.63	0.00	1.000	5.000	40	4	0.00	0.00	0.000	0.000	0.000	0.000	0.000	01	40	0.000	0	0.00								
40	24-90	0	0	VAINILLINA SOL 10% DPG	12352000	KGM	KGS.	0.000	0.000	0.00	0.00	0.00	1.000	5.000	40	4	0.00	0.00	0.000	0.000	0.000	0.000	0.000	01	40	0.000	0	0.00								
20	P8001	0	0	PLATANO AG 55029/G	12352000	KGM	KGS.	0.000	0.000	0.00	10.42	5.21	1.000	5.000	20	4	0.00	0.00	0.000	0.000	0.000	0.000	0.000	01	20	0.000	0	0.00								
40	18-26	0	0	SALICILATO DE CIS 3 HEXENILO SUBST.	12352000	KGM	KGS.	0.000	0.000	0.00	11.28	5.64	1.000	5.000	40	4	0.00	0.00	0.000	0.000	0.000	0.000	0.000	01	40	0.000	0	0.00								
40	27-11	0	0	YLANGL No. 5 RIFM D.L.	12352000	KGM	KGS.	0.000	0.000	0.00	53.42	26.71	1.000	5.000	40	4	0.00	0.00	0.000	0.000	0.000	0.000	0.000	01	40	0.000	0	0.00								
22	L4102	0	0	PLATANO AG 55029/G	12352000	KGM	KGS.	0.000	0.000	0.00	0.00	0.00	1.000	5.000	22	4	0.00	0.00	0.000	0.000	0.000	0.000	0.000	01	22	0.000	0	0.00								
40	14-15	0	0	METIL PARACRESOL 1% D.F.	12352000	KGM	KGS.	0.000	0.000	0.00	5.00	2.50	1.000	5.000	40	4	0.00	0.00	0.000	0.000	0.000	0.000	0.000	01	40	0.000	0	0.00								
40	05-11	0	0	ESENCIA DE JAZMIN CR 11049 (ZANITH)	12352000	KGM	KGS.	0.000	0.000	0.00	10.68	5.34	1.000	5.000	40	4	0.00	0.00	0.000	0.000	0.000	0.000	0.000	01	40	0.000	0	0.00								
01	P4700	0	0	PHANTOLIDE	12352000	KGM	KGS.	0.000	0.000	0.00	47.92	0.00	0.000	0.000	01	4	0.00	0.00	0.000	0.000	0.000	0.000	0.000	1	01	0.000	0	0.00								
20	G6001	0	0	GADENIAS AG 02	12352000	KGM	KGS.	0.000	0.000	0.00	9.08	4.54	1.000	5.000	20	4	0.00	0.00	0.000	0.000	0.000	0.000	0.000	1	20	0.000	0	0.00								
40	05-25	0	0	ETIL VAINILLINA 10% PG	12352000	KGM	KGS.	0.000	0.000	0.00	0.00	0.00	1.000	5.000	40	4	0.00	0.00	0.000	0.000	0.000	0.000	0.000	1	40	0.000	0	0.00								
40	07-11	0	0	GARDENIAS CR 16037	12352000	KGM	KGS.	0.000	0.000	0.00	12.40	6.20	1.000	5.000	40	4	0.00	0.00	0.000	0.000	0.000	0.000	0.000	1	01	0.000	0	0.00								
40	08-15	0	0	HENO DE PRAVIA CR 15002-H	12352000	KGM	KGS.	0.000	0.000	0.00	36.44	18.22	1.000	5.000	40	4	0.00	0.00	0.000	0.000	0.000	0.000	0.000	1	40	0.000	0	0.00								
40	12-53	0	0	LAVANDA FOUGERE GAMA	12352000	KGM	KGS.	0.000	0.000	0.00	53.62	26.81	1.000	5.000	40	4	0.00	0.00	0.000	0.000	0.000	0.000	0.000	1	40	0.000	0	0.00								
40	15-30	0	0	PERA CR 55006/H	12352000	KGM	KGS.	0.000	0.000	0.00	9.10	4.55	1.000	5.000	40	4	0.00	0.00	0.000	0.000	0.000	0.000	0.000	1	40	0.000	0	0.00								
40	14-01-01	0	0	NARDO CT 0224	12352000	KGM	KGS.	0.000	0.000	0.00	36.58	18.29	1.000	5.000	40	4	0.00	0.00	0.000	0.000	0.000	0.000	0.000	1	40	0.000	0	0.00								
40	14-01-02	0	0	NARDO CR 11336	12352000	KGM	KGS.	0.000	0.000	0.00	29.56	14.78	1.000	5.000	40	4	0.00	0.00	0.000	0.000	0.000	0.000	0.000	1	40	0.000	0	0.00								
40	14-02	0	0	MADERAS CR 11132	12352000	KGM	KGS.	0.000	0.000	0.00	15.36	7.68	1.000	5.000	40	4	0.00	0.00	0.000	0.000	0.000	0.000	0.000	1	40	0.000	0	0.00								
40	14-02-01	0	0	MADERAS CR 11132/H	12352000	KGM	KGS.	0.000	0.000	0.00	15.34	7.67	1.000	5.000	40	4	0.00	0.00	0.000	0.000	0.000	0.000	0.000	1	40	0.000	0	0.00								
40	24-90-1	0	0	VAINILLINA SOL.10% ALCOHOL	12352000	KGM	KGS.	0.000	0.000	0.00	0.00	0.00	1.000	5.000	40	4	0.00	0.00	0.000	0.000	0.000	0.000	0.000	1	40	0.000	0	0.00								
40	01-11-2	0	0	AC.ESC. CANELA CHINA SOL. 10% ALCOHOL	12352000	KGM	KGS.	0.000	0.000	0.00	0.00	0.00	1.000	5.000	40	4	0.00	0.00	0.000	0.000	0.000	0.000	0.000	1	40	0.000	0	0.00								
40	19-10	0	0	TUTTI FRUTTI CR 55038/M	12352000	KGM	KGS.	0.000	0.000	0.00	14.02	7.01	1.000	5.000	40	4	0.00	0.00	0.000	0.000	0.000	0.000	0.000	1	40	0.000	0	0.00								
40	19-10-1	0	0	TUTTI FRUTTI CR 55038 M/H=16076/H	12352000	KGM	KGS.	0.000	0.000	0.00	12.68	6.34	0.000	5.000	40	4	0.00	0.00	0.000	0.000	0.000	0.000	0.000	1	40	0.000	0	0.00								
40	01-31	0	0	ACIDO LACTICO TAMPONADO	12352000	KGM	KGS.	0.000	0.000	0.00	7.84	3.92	1.000	5.000	40	4	0.00	0.00	0.000	0.000	0.000	0.000	0.000	1	40	0.000	0	0.00								
40	18-30	0	0	SOSA	12352000	KGM	KGS.	0.000	0.000	0.00	0.65	0.00	1.000	5.000	40	4	0.00	0.00	0.000	0.000	0.000	0.000	0.000	1	40	0.000	0	0.00								
40	18-30-1	0	0	SOSA DIL.	12352000	KGM	KGS.	0.000	0.000	0.00	1.04	0.52	1.000	5.000	40	4	0.00	0.00	0.000	0.000	0.000	0.000	0.000	1	40	0.000	0	0.00								
40	15-10	0	0	PINA CR-55083/A LTE:181/A	12352000	KGM	KGS.	0.000	0.000	0.00	4.34	2.17	1.000	5.000	40	4	0.00	0.00	0.000	0.000	0.000	0.000	0.000	1	40	0.000	0	0.00								
40	05-19	0	0	ETIL MALTOL 10% ALCOHOL ETILICO	12352000	KGM	KGS.	0.000	0.000	0.00	0.00	0.00	1.000	5.000	40	4	0.00	0.00	0.000	0.000	0.000	0.000	0.000	1	40	0.000	0	0.00								
40	03-70	0	0	CIRUELA CR 55082/M	12352000	KGM	KGS.	0.000	0.000	0.00	0.00	0.00	1.000	5.000	40	4	0.00	0.00	0.000	0.000	0.000	0.000	0.000	1	40	0.000	0	0.00								
40	19-11	0	0	TABACO CR-11078	12352000	KGM	KGS.	0.000	0.000	0.00	73.38	36.69	1.000	5.000	40	4	0.00	0.00	0.000	0.000	0.000	0.000	0.000	1	40	0.000	0	0.00								
40	07-90	0	0	GERANIO PALMA ROSA CR 550 AC. ESC.	12352000	KGM	KGS.	0.000	0.000	0.00	27.88	13.94	1.000	5.000	40	4	0.00	0.00	-3.000	0.000	0.000	0.000	0.000	1	40	0.000	0	0.00								
40	03-74-01	0	0	CRISOLIDE AL 3% EN BB	12352000	KGM	KGS.	0.000	0.000	0.00	12.66	6.33	1.000	5.000	40	4	0.00	0.00	0.000	0.000	0.000	0.000	0.000		40	0.000	0	0.00								
40	03-71	0	0	COMPOSICION CR 11077	12352000	KGM	KGS.	0.000	0.000	0.00	174.20	87.10	1.000	5.000	40	4	0.00	0.00	0.000	0.000	0.000	0.000	0.000	1	40	0.000	0	0.00								
40	12-20	0	0	LILAS CR 11046	12352000	KGM	KGS.	0.000	0.000	0.00	16.30	8.15	1.000	5.000	40	4	0.00	0.00	0.000	0.000	0.000	0.000	0.000	1	40	0.000	0	0.00								
40	17-87	0	0	RODINOL P N.F.	12352000	KGM	KGS.	0.000	0.000	0.00	49.72	24.86	1.000	5.000	40	4	0.00	0.00	0.000	0.000	0.000	0.000	0.000	1	40	0.000	0	0.00								
40	12-90	0	0	LINALOE CR 511 AC. ESC.	12352000	KGM	KGS.	0.000	0.000	0.00	12.02	6.01	1.000	5.000	40	4	0.00	0.00	0.000	0.000	0.000	0.000	0.000	1	40	0.000	0	0.00								
40	01-66	0	0	AMBREINA EN PASTA CR 11038	12352000	KGM	KGS.	0.000	0.000	0.00	152.46	76.23	1.000	5.000	40	4	0.00	0.00	0.000	0.000	0.000	0.000	0.000	1	40	0.000	0	0.00								
40	11-25	0	0	JAZMIN CR 11001	12352000	KGM	KGS.	0.000	0.000	0.00	18.40	9.20	1.000	5.000	40	4	0.00	0.00	0.000	0.000	0.000	0.000	0.000	1	40	0.000	0	0.00								
40	02-60	0	0	BASE CR 19002	12352000	KGM	KGS.	0.000	0.000	0.00	29.18	14.59	1.000	5.000	40	4	0.00	0.00	0.000	0.000	0.000	0.000	0.000	1	40	0.000	0	0.00								
40	01-43	0	0	ALDEHIDO C 12 MNA 10% F E	12352000	KGM	KGS.	0.000	0.000	0.00	7.54	3.77	1.000	5.000	40	4	0.00	0.00	0.000	0.000	0.000	0.000	0.000	1	40	0.000	0	0.00								
31	05-05	0	0	ENGLISH LEATHER  18094	12352000	KGM	KGS.	0.000	0.000	0.00	46.44	23.22	1.000	5.000	31	4	0.00	0.00	0.000	0.000	0.000	0.000	0.000	1	31	0.000	0	0.00								
40	15-01	0	0	NEROLI CR 11052	12352000	KGM	KGS.	0.000	0.000	0.00	19.26	9.63	1.000	5.000	40	4	0.00	0.00	0.000	0.000	0.000	0.000	0.000	1	40	0.000	0	0.00								
40	15-20	0	0	PELARGOL -ROSADOL- CR 11051	12352000	KGM	KGS.	0.000	0.000	0.00	16.34	8.17	1.000	5.000	40	4	0.00	0.00	0.000	0.000	0.000	0.000	0.000	1	40	0.000	0	0.00								
40	12-61	0	0	LIMON CR 11092	12352000	KGM	KGS.	0.000	0.000	0.00	20.24	10.12	1.000	5.000	40	4	0.00	0.00	0.000	0.000	0.000	0.000	0.000	1	40	0.000	0	0.00								
40	12-12	0	0	LIMON DESTERPENADO CR 507 AC. ESC	12352000	KGM	KGS.	0.000	0.000	0.00	23.94	11.97	1.000	5.000	40	4	0.00	0.00	0.000	0.000	0.000	0.000	0.000	1	40	0.000	0	0.00								
40	01-94	0	0	AZAHAR CR 16103/H	12352000	KGM	KGS.	0.000	0.000	0.00	19.06	9.53	1.000	5.000	40	4	0.00	0.00	0.000	0.000	0.000	0.000	0.000	1	40	0.000	0	0.00								
40	03-10	0	0	CANANGA CR 525 AC. ESC.	12352000	KGM	KGS.	0.000	0.000	0.00	28.74	14.37	1.000	5.000	40	4	0.00	0.00	0.000	0.000	0.000	0.000	0.000	1	40	0.000	0	0.00								
40	24-61	0	0	VIRIDINE 10% FE	12352000	KGM	KGS.	0.000	0.000	0.00	7.74	3.87	1.000	5.000	40	4	0.00	0.00	0.000	0.000	0.000	0.000	0.000	1	40	0.000	0	0.00								
40	08-10	0	0	HIPERESSENCE LIATRIZ INC.	12352000	KGM	KGS.	0.000	0.000	0.00	0.00	0.00	1.000	5.000	40	4	0.00	0.00	0.000	0.000	0.000	0.000	0.000	1	40	0.000	0	0.00								
40	08-10-01	0	0	HIPERSENCE LIATRIZ INC 10% DEP	12352000	KGM	KGS.	0.000	0.000	0.00	7.38	3.69	1.000	5.000	40	4	0.00	0.00	0.000	0.000	0.000	0.000	0.000	1	40	0.000	0	0.00								
40	01-67	0	0	ANYMALYN DL	12352000	KGM	KGS.	0.000	0.000	0.00	50.82	25.41	1.000	5.000	40	4	0.00	0.00	0.000	0.000	0.000	0.000	0.000	1	40	0.000	0	0.00								
40	01-67-01	0	0	ANYMALYN DL 50% DEP	12352000	KGM	KGS.	0.000	0.000	0.00	53.24	26.62	1.000	5.000	40	4	0.00	0.00	0.000	0.000	0.000	0.000	0.000	1	40	0.000	0	0.00								
40	01-29	0	0	NARANJA 5X (4VC) 10% DEP	12352000	KGM	KGS.	0.000	0.000	0.00	5.44	2.72	1.000	5.000	40	4	0.00	0.00	0.000	0.000	0.000	0.000	0.000	1	40	0.000	0	0.00								
40	07-30	0	0	GRISABROL SUBST	12352000	KGM	KGS.	0.000	0.000	0.00	65.78	32.89	1.000	5.000	40	4	0.00	0.00	0.000	0.000	0.000	0.000	0.000	1	40	0.000	0	0.00								
40	07-30-01	0	0	GRISABROL SUBS NF  10% DF	12352000	KGM	KGS.	0.000	0.000	0.00	17.50	8.75	1.000	5.000	40	4	0.00	0.00	0.000	0.000	0.000	0.000	0.000	1	40	0.000	0	0.00								
40	09-10-01	0	0	INDOL 3% DF	12352000	KGM	KGS.	0.000	0.000	0.00	6.76	3.38	1.000	5.000	40	4	0.00	0.00	0.000	0.000	0.000	0.000	0.000	1	40	0.000	0	0.00								
40	03-15	0	0	ABSC. CASTOR 50% DF	12352000	KGM	KGS.	0.000	0.000	0.00	1282.42	641.21	1.000	5.000	40	4	0.00	0.00	0.000	0.000	0.000	0.000	0.000	1	40	0.000	0	0.00								
40	03-16	0	0	AC. ESC. CARDAMOMO	12352000	KGM	KGS.	0.000	0.000	0.00	196.00	0.00	1.000	5.000	40	4	0.00	0.00	0.000	0.000	0.000	0.000	0.000	1	40	0.000	0	0.00								
40	06-07	0	0			KGM	KGS.	0.000	0.000	0.00	0.00	0.00	0.000	0.000		4	0.00	0.00	0.000	0.000	0.000	0.000	0.000			0.000	0	0.00								
40	02-30	0	0	BUTIRATO DE AMILO 20% BB	12352000	KGM	KGS.	0.000	0.000	0.00	10.56	5.28	1.000	5.000	40	4	0.00	0.00	0.000	0.000	0.000	0.000	0.000	1	40	0.000	0	0.00								
40	02-23	0	0	BERMAGOTA CR 11091	12352000	KGM	KGS.	0.000	0.000	0.00	33.60	16.80	1.000	5.000	40	4	0.00	0.00	0.000	0.000	0.000	0.000	0.000	1	40	0.000	0	0.00								
01	A0901	0	0	ACIDO CAPROICO	12352000	KGM	KGS.	0.000	0.000	0.00	11.80	0.00	20.000	25.000	01	4	0.00	118.00	-1135.000	0.000	0.000	0.000	0.000	1	01	0.000	0	0.00	142-62-1	2829		S	S			
20	S7500-1	0	0	SUAVIZANTES DE TELAS   QUEST	12352000	KGM	KGS.	0.000	0.000	0.00	15.00	0.00	1.000	5.000	20	4	0.00	0.00	0.000	0.000	0.000	0.000	0.000	1	20	0.000	0	0.00								
20	M2050-1	0	0	MAR FRESCO  FRAGANCIA  QUEST	12352000	KGM	KGS.	0.000	0.000	0.00	16.70	0.00	1.000	5.000	20	4	0.00	0.00	0.000	0.000	0.000	0.000	0.000	1	20	0.000	0	0.00								
20	S7000-1	0	0	D O W N Y  FRAGANCIA QUEST	12352000	KGM	KGS.	0.000	0.000	0.00	19.00	0.00	1.000	5.000	20	4	0.00	0.00	0.000	0.000	0.000	0.000	0.000	1	20	0.000	0	0.00								
01	I4600	0	0	ISOCICLEMONE E	12352000	KGM	KGS.	0.000	0.000	0.00	40.00	0.00	0.000	0.000	01	4	0.00	0.00	0.000	0.000	0.000	0.000	0.000	1	01	0.000	0	0.00								
40	04-101-01	0	0	DIMETIL SULFIDE	12352000	KGM	KGS.	0.000	0.000	0.00	30.00	0.00	1.000	5.000	40	4	0.00	0.00	0.000	0.000	0.000	0.000	0.000	1	40	0.000	0	0.00								
01	C0230	0	0	CASSIA  (CANELA CHINA  	12352000	KGM	KGM	0.000	0.000	0.00	0.00	8.97	32.000	54.000	01	4	0.00	-1258.30	-966.000	0.000	0.000	0.000	0.000	1	01	0.000	0	0.00	8007 80 5							
01	F8410	0	0	FLEURAMONE=HEPTONE ***	12352000	KGM	KGS.	0.000	0.000	0.00	25.00	0.00	0.000	0.000	01	4	0.00	0.00	0.000	0.000	0.000	0.000	0.000	1	01	0.000	0	0.00								
20	FQ-1	0	0	CODE 4877 M	12352000	KGM	KGS.	0.000	0.000	0.00	18.13	0.00	1.000	5.000	20	4	0.00	0.00	0.000	0.000	0.000	0.000	0.000	1	20	0.000	0	0.00								
20	FQ-2	0	0	CODE 5857	12352000	KGM	KGS.	0.000	0.000	0.00	15.25	0.00	1.000	5.000	20	4	0.00	0.00	0.000	0.000	0.000	0.000	0.000	1	20	0.000	0	0.00								
20	QF-3	0	0	Q1063 225701 SPICE	12352000	KGM	KGS.	0.000	0.000	0.00	9.21	0.00	1.000	5.000	20	4	0.00	0.00	0.000	0.000	0.000	0.000	0.000	1	01	0.000	0	0.00								
20	FQ-4	0	0	CODE 8064	12352000	KGM	KGS.	0.000	0.000	0.00	14.96	0.00	1.000	5.000	20	4	0.00	0.00	0.000	0.000	0.000	0.000	0.000	1	20	0.000	0	0.00								
20	FQ-5	0	0	PERF. JABON	12352000	KGM	KGS.	0.000	0.000	0.00	18.42	0.00	1.000	5.000	20	4	0.00	0.00	0.000	0.000	0.000	0.000	0.000	1	20	0.000	0	0.00								
20	FQ-6	0	0	ROSA 214001 (195)	12352000	KGM	KGS.	0.000	0.000	0.00	9.50	0.00	1.000	5.000	20	4	0.00	0.00	0.000	0.000	0.000	0.000	0.000	1	20	0.000	0	0.00								
40	12-11	0	0	LAVANDA CR-11066	12352000	KGM	KGS.	0.000	0.000	0.00	46.82	23.41	1.000	5.000	40	4	0.00	0.00	0.000	0.000	0.000	0.000	0.000	01	40	0.000	0	0.00								
40	02-31	0	0	BENZOFENONA AL 10% DEP	12352000	KGM	KGS.	0.000	0.000	0.00	5.70	2.85	1.000	5.000	40	4	0.00	0.00	0.000	0.000	0.000	0.000	0.000	1	49	0.000	0	0.00								
40	04-08	0	0	CHARMANT CR 11082  TIPO CHANEL ECONOMICO	12352000	KGM	KGS.	0.000	0.000	0.00	38.84	19.42	1.000	5.000	40	4	0.00	0.00	0.000	0.000	0.000	0.000	0.000	1	40	0.000	0	0.00								
40	04-08-1	0	0	CHARMANT CR-11082-1 TIPO CHANEL BARATO	12352000	KGM	KGS.	0.000	0.000	0.00	24.00	12.00	1.000	5.000	40	4	0.00	0.00	0.000	0.000	0.000	0.000	0.000	1	40	0.000	0	0.00								
01	T6500-1	0	0	TRANS 2 HEXENOL	12352000	KGM	KGS.	0.000	0.000	0.00	68.50	0.00	3.000	5.000	01	4	0.00	0.00	0.000	0.000	0.000	0.000	0.000	1	01	0.000	0	0.00	2305-21-7	1987				S		
01	PT-S001	0	0	CARBONATO DE SODIO  (SODA ASH LIGERA)	12352000	KGM	KGS.	0.000	0.000	0.00	0.21	0.00	0.000	0.000	01	4	0.00	0.00	0.000	0.000	0.000	0.000	0.000	1	1	0.000	0	0.00								
01	PT-S002	0	0	SOSA  CAUSTICA 100% ESCAMAS	12352000	KGM	KGS.	0.000	0.000	0.00	0.77	0.00	0.000	0.000	01	4	0.00	0.00	0.000	0.000	0.000	0.000	0.000	01	01	0.000	0	0.00								
01	I9001	0	0	ALCOHOL ISO PROPILICO	12352000	KGM	KGM	0.000	0.000	0.00	1.20	0.00	20.000	30.000	01	4	0.00	0.00	-1782.900	0.000	0.000	0.000	0.000	1	01	0.000	0	0.00	67 63 0	1219						
01	L2700-1	0	0	LEMONGRASS AC. ESC.	12352000	KGM	KGS.	0.630	0.130	0.00	33.46	14.19	10.000	15.000	01	4	21.91	49.80	-140.000	0.000	0.000	0.000	0.000	01	01	0.000	0	0.00							F	
40	17-05	0	0	ROSA TIPO 1103	12352000	KGM	KGS.	0.000	0.000	0.00	8.72	4.36	1.000	5.000	40	4	0.00	0.00	0.000	0.000	0.000	0.000	0.000	01	40	0.000	0	0.00								
40	02-27	0	0	BERGAMOTA TIPO 11094	12352000	KGM	KGS.	0.000	0.000	0.00	39.24	19.62	1.000	5.000	40	4	0.00	0.00	0.000	0.000	0.000	0.000	0.000	40	01	0.000	0	0.00								
40	01-69	0	0	ALMENDRAS TIPO 18053	12352000	KGM	KGS.	0.000	0.000	0.00	40.84	20.42	1.000	5.000	40	4	0.00	0.00	0.000	0.000	0.000	0.000	0.000	01	40	0.000	0	0.00								
40	01-69-01	0	0	ALMENDRAS TIPO 1196	12352000	KGM	KGS.	0.000	0.000	0.00	26.88	13.44	1.000	5.000	40	4	0.00	0.00	0.000	0.000	0.000	0.000	0.000	40	40	0.000	0	0.00								
01	C0345	0	0	CARIOFILENO	12352000	KGM	KGS.	0.000	176.000	0.00	9.45	0.00	5.000	5.000	01	4	0.00	1674.00	-1059.370	0.000	0.000	180.000	0.000	01	01	0.000	0	0.00	87-44-5	-				S		
40	15-01-2	0	0	NEROLI CR 11052/H	12352000	KGM	KGS.	0.000	0.000	0.00	0.00	0.00	1.000	5.000	40	4	0.00	0.00	0.000	0.000	0.000	0.000	0.000	01	40	0.000	0	0.00								
20	F8022	0	0	NORDIKO AG 24	12352000	KGM	KGS.	0.000	0.000	0.00	31.74	15.87	1.000	5.000	20	4	0.00	0.00	0.000	0.000	0.000	0.000	0.000	20	01	0.000	0	0.00								
01	A0901-1	0	0	ACIDO CAPRICO	12352000	KGM	KGS.	510.380	486.800	0.00	6.15	0.00	5.000	10.000	01	4	3138.84	2993.82	-70.000	0.000	0.000	0.000	0.000	01	01	0.000	0	0.00	334-48-5	-				S		
22	E8888	0	0	ETILO BUTIRATO AL 10% BB	12352000	KGM	KGS.	0.000	0.000	0.00	8.94	4.47	1.000	5.000	22	4	0.00	0.00	0.000	0.000	0.000	0.000	0.000	01	22	0.000	0	0.00								
20	V7421	0	0	VAINILLINA AG 010 FRAGANCIA TIPO	12352000	KGM	KGS.	0.000	0.000	0.00	25.36	12.68	1.000	5.000	20	4	0.00	0.00	0.000	0.000	0.000	0.000	0.000	01	20	0.000	0	0.00								
20	V2800-1	0	0	VIOLETA P.A.A.	12352000	KGM	KGS.	0.000	0.000	0.00	22.58	11.29	1.000	5.000	20	4	0.00	0.00	0.000	0.000	0.000	0.000	0.000	01	20	0.000	0	0.00								
01	H2020	0	0	HEPTOATO DE ALILO	12352000	KGM	KGS.	0.000	0.000	0.00	16.00	0.00	10.000	15.000	01	4	0.00	131.40	-86.000	0.000	0.000	0.000	0.000	01	01	0.000	0	0.00	142-19-8	2810		S				
40	03-20	0	0	CAFE ESENCIA	12352000	KGM	KGS.	0.000	0.000	0.00	1.10	0.55	0.000	5.000	40	4	0.00	0.00	0.000	0.000	0.000	0.000	0.000	40	40	0.000	0	0.00								
40	03-20-1	0	0	CAFE EN GRANO	12352000	KGM	KGS.	0.000	0.000	0.00	0.00	0.00	1.000	5.000	40	4	0.00	0.00	0.000	0.000	0.000	0.000	0.000	40	40	0.000	0	0.00								
03	C2600-1	0	0	CELESTOLIDE AL 50% DEP	12352000	KGM	KGS.	0.000	0.000	0.00	0.00	0.00	1.000	5.000	03	4	0.00	0.00	0.000	0.000	0.000	0.000	0.000	01	03	0.000	0	0.00								
03	H8000-1	0	0	HOJAS DE CEDRO AC. ESC. AL 10% DEP	12352000	KGM	KGS.	0.000	0.000	0.00	0.00	0.00	1.000	5.000	03	4	0.00	0.00	0.000	0.000	0.000	0.000	0.000	03	01	0.000	0	0.00								
40	09-11-1	0	0	ISOBUTIL QUINOLEINA 10% DEP	12352000	KGM	KGS.	0.000	0.000	0.00	0.00	0.00	1.000	5.000	40	4	0.00	0.00	0.000	0.000	0.000	0.000	0.000	01	40	0.000	0	0.00								
03	A8000-1	0	0	ANETOL 10% DEN DEP	12352000	KGM	KGS.	0.000	0.000	0.00	0.00	0.00	1.000	5.000	03	4	0.00	0.00	0.000	0.000	0.000	0.000	0.000	03	03	0.000	0	0.00								
03	A1050-1	0	0	ADOXAL 1% EN DEP	12352000	KGM	KGS.	0.000	0.000	0.00	0.00	0.00	1.000	5.000	03	4	0.00	0.00	0.000	0.000	0.000	0.000	0.000	03	03	0.000	0	0.00								
40	12-50-01	0	0	LAVANDA 40/42 CR 534	12352000	KGM	KGS.	0.000	0.000	0.00	61.20	30.60	1.000	5.000	40	4	0.00	0.00	0.000	0.000	0.000	0.000	0.000	01	40	0.000	0	0.00								
40	24-51	0	0	VETIVER BOURBON AC. ESC. TIPO AG 599	12352000	KGM	KGS.	0.000	0.000	0.00	53.08	26.54	1.000	5.000	40	4	0.00	0.00	0.000	0.000	0.000	0.000	0.000	01	40	0.000	0	0.00								
40	12-61-01	0	0	LIMON ITALIANO TIPO AG 576 AC. ESC.	12352000	KGM	KGS.	0.000	0.000	0.00	26.86	13.43	1.000	5.000	40	4	0.00	0.00	0.000	0.000	0.000	0.000	0.000	01	40	0.000	0	0.00								
40	01-64-01	0	0	AC.ESC. GERANIO BOURBON AG 600	12352000	KGM	KGS.	0.000	0.000	0.00	52.06	26.03	1.000	5.000	40	4	0.00	0.00	0.000	0.000	0.000	0.000	0.000	01	40	0.000	0	0.00								
40	15-42	0	0	PACO RABANE TIPO BASE AG 11221	12352000	KGM	KGS.	0.000	0.000	0.00	50.92	25.46	1.000	5.000	40	4	0.00	0.00	0.000	0.000	0.000	0.000	0.000	01	40	0.000	0	0.00								
03	C8500-1	0	0	COSTUS AL 10% DEP	12352000	KGM	KGS.	0.000	0.000	0.00	0.00	0.00	1.000	5.000	03	4	0.00	0.00	0.000	0.000	0.000	0.000	0.000	01	03	0.000	0	0.00								
03	C9010-1	0	0	COMINO AC. ESC. 10% DEP	12352000	KGM	KGS.	0.000	0.000	0.00	0.00	0.00	1.000	5.000	03	4	0.00	0.00	0.000	0.000	0.000	0.000	0.000	01	03	0.000	0	0.00								
03	M1400-1	0	0	MENTA AC. ESC. AL 10% DEPT	12352000	KGM	KGS.	0.000	0.000	0.00	0.00	0.00	1.000	5.000	03	4	0.00	0.00	0.000	0.000	0.000	0.000	0.000	01	03	0.000	0	0.00								
31	P-0500-1	0	0	PACO RABANE TIPO AG 221	12352000	KGM	KGS.	0.000	0.000	0.00	34.82	17.41	1.000	5.000	31	4	0.00	0.00	0.000	0.000	0.000	0.000	0.000	01	31	0.000	0	0.00								
01	D3500-1	0	0	DIMETIL BENCIL CARBINOL BUTIRATE	12352000	KGM	KGS.	0.000	0.000	0.00	22.60	0.00	1.000	5.000	01	4	0.00	0.00	-40.000	0.000	0.000	0.000	0.000	01	01	0.000	0	0.00								
01	G1603	0	0	GAMA NONALACTONA AT	12352000	KGM	KGS.	0.000	0.000	0.00	25.79	0.00	0.000	0.000	01	4	0.00	0.00	0.000	0.000	0.000	0.000	0.000	01	01	0.000	0	0.00								
01	A0801-1	0	0	2 METHYL BUTIRIC ACID	12352000	KGM	KGS.	0.000	0.000	0.00	23.50	0.00	1.000	5.000	01	4	0.00	470.00	-71.200	0.000	0.000	0.000	0.000	01	01	0.000	0	0.00								
20	D7511-1	0	0	DURAZNO ECONOMICO TIPO DI	12352000	KGM	KGS.	0.000	0.000	0.00	26.66	13.33	1.000	5.000	20	4	0.00	0.00	0.000	0.000	0.000	0.000	0.000	01	20	0.000	0	0.00								
20	F8022-1	0	0	NORDIKO AG 6265 FRAGANCIA TIPO	12352000	KGM	KGS.	0.000	0.000	0.00	23.74	11.87	1.000	5.000	20	4	0.00	0.00	0.000	0.000	0.000	0.000	0.000	01	20	0.000	0	0.00								
20	C2652-1	0	0	CEREZA CT 040	12352000	KGM	KGS.	0.000	0.000	0.00	23.84	11.92	1.000	5.000	20	4	0.00	0.00	0.000	0.000	0.000	0.000	0.000	01	20	0.000	0	0.00								
20	L4205-1	0	0	LIMON ESPECIAL TIPO 98-A	12352000	KGM	KGS.	0.000	0.000	0.00	3.12	1.56	1.000	5.000	20	4	0.00	0.00	0.000	0.000	0.000	0.000	0.000	01	20	0.000	0	0.00								
21	V2650-1	0	0	VERDALIA	12352000	KGM	KGS.	0.000	0.000	0.00	19.00	0.00	1.000	5.000	21	4	0.00	0.00	0.000	0.000	0.000	0.000	0.000	01	21	0.000	0	0.00								
21	A386.339	0	0	FRAGANCIA QST	12352000	KGM	KGS.	0.000	0.000	0.00	10.00	0.00	1.000	5.000	21	4	0.00	0.00	0.000	0.000	0.000	0.000	0.000	01	21	0.000	0	0.00								
21	A392.710	0	0	FRAGANCIA QST   HIPIQUE	12352000	KGM	KGS.	0.000	0.000	0.00	10.00	0.00	1.000	5.000	21	4	0.00	0.00	0.000	0.000	0.000	0.000	0.000	01	21	0.000	0	0.00								
21	A727.035	0	0	FRAGANCIA QST	12352000	KGM	KGS.	0.000	0.000	0.00	10.00	0.00	1.000	5.000	21	4	0.00	0.00	0.000	0.000	0.000	0.000	0.000	01	21	0.000	0	0.00								
21	A700.897	0	0	FRAGANCIA QST	12352000	KGM	KGS.	0.000	0.000	0.00	13.00	0.00	1.000	5.000	21	4	0.00	0.00	0.000	0.000	0.000	0.000	0.000	01	21	0.000	0	0.00								
01	C6200-1	0	0	CITRAL DIMETIL ACETAL	12352000	KGM	KGS.	0.000	0.000	0.00	46.25	0.00	0.000	0.000	01	4	0.00	0.00	0.000	0.000	0.000	0.000	0.000	09	01	0.000	0	0.00								
50	E0401	0	0	25.000 ML. ENVASE PRODUCCION	12352000	KGM	KGS.	0.000	0.000	0.00	3.15	0.00	1.000	100.000	50	4	0.00	0.00	0.000	0.000	0.000	0.000	0.000	1	50	0.000	0	0.00								
50	E0601	0	0	60.000 ML. ENVASE PRODUCCION	12352000	KGM	KGS.	0.000	0.000	0.00	6.59	0.00	1.000	10.000	50	4	0.00	0.00	0.000	0.000	0.000	0.000	0.000	01	50	0.000	0	0.00								
01	S9001	0	0	SULFURICO ACIDO	12352000	KGM	KGS.	0.000	0.000	0.00	0.14	0.00	3.000	5.000	01	4	0.00	0.00	0.000	0.000	0.000	0.000	0.000	01	01	0.000	0	0.00								
01	A3102	0	0	ALCOHOL C 6	12352000	KGM	KGS.	0.000	0.000	0.00	7.50	0.00	5.000	10.000	01	4	0.00	0.00	0.000	0.000	0.000	0.000	0.000	1	01	0.000	0	0.00								
01	V4600	0	0	VALERICO ACIDO	12352000	KGM	KGS.	0.000	0.000	0.00	12.80	0.00	25.000	30.000	01	4	0.00	0.00	-927.800	0.000	0.000	0.000	0.000	01	01	0.000	0	0.00	109-52-4	3265						
50	E8765	0	0	TAMBS. 200 LTS. AZUL MARINO	12352000	KGM	KGS.	0.000	0.000	0.00	21.28	0.00	1.000	20.000	50	4	0.00	0.00	0.000	0.000	0.000	0.000	0.000	50	50	0.000	0	0.00								
40	12-15-01	0	0	AC.ESC.LIMON S/TERPENOS CR 605	12352000	KGM	KGS.	0.000	0.000	0.00	25.42	12.71	1.000	5.000	40	4	0.00	0.00	0.000	0.000	0.000	0.000	0.000	01	40	0.000	0	0.00								
40	08-12	0	0	AC.ESC. HISOPO SUBSTITUTO	12352000	KGM	KGS.	0.000	0.000	0.00	97.52	48.76	1.000	5.000	40	4	0.00	0.00	0.000	0.000	0.000	0.000	0.000	01	40	0.000	0	0.00								
40	17-11-01	0	0	ROSA FLEUR (1516) RIFM=ROSAFLOR DL.	12352000	KGM	KGS.	0.000	0.000	0.00	35.94	17.97	1.000	5.000	40	4	0.00	0.00	0.000	0.000	0.000	0.000	0.000	01	40	0.000	0	0.00								
40	17-86	0	0	ACETATO DE RODINILO	12352000	KGM	KGS.	0.000	0.000	0.00	138.70	0.00	1.000	5.000	40	4	0.00	0.00	0.000	0.000	0.000	0.000	0.000	01	40	0.000	0	0.00								
40	17-88	0	0	RODINOL C	12352000	KGM	KGS.	0.000	0.000	0.00	61.10	30.55	1.000	5.000	40	4	0.00	0.00	0.000	0.000	0.000	0.000	0.000	01	40	0.000	0	0.00								
01	E5500-1	0	0	ETILENO BRASILATO AL 10 % DF	12352000	KGM	KGS.	0.000	0.000	0.00	0.00	0.00	0.000	0.000	01	4	0.00	0.00	0.000	0.000	0.000	0.000	0.000	01	01	0.000	0	0.00								
01	M5000-1	0	0	MUSGO DE ARBOL ABSOLUTO 50% EN DF	12352000	KGM	KGS.	0.000	0.000	0.00	0.00	0.00	0.000	0.000	01	4	0.00	0.00	0.000	0.000	0.000	0.000	0.000	01	01	0.000	0	0.00								
40	06-25	0	0	FIXOCIVETTE  (AC)	12352000	KGM	KGS.	0.000	0.000	0.00	83.38	41.69	1.000	5.000	40	4	0.00	0.00	0.000	0.000	0.000	0.000	0.000	01	40	0.000	0	0.00								
01	F1100	0	0			KGM	KGS.	0.000	0.000	0.00	0.00	0.00	0.000	0.000	01	4	0.00	0.00	0.000	0.000	0.000	0.000	0.000			0.000	0	0.00								
01	E4300-1	0	0	ETIL AMIL CETONA 50% DEP	12352000	KGM	KGS.	0.000	0.000	0.00	0.00	0.00	0.000	0.000	01	4	0.00	0.00	0.000	0.000	0.000	0.000	0.000	01	01	0.000	0	0.00								
40	12-16-01	0	0	AC.ESC. LIMON T.CALIFORNIA CR 606	12352000	KGM	KGS.	0.000	0.000	0.00	19.94	9.97	1.000	5.000	40	4	0.00	0.00	0.000	0.000	0.000	0.000	0.000	01	40	0.000	0	0.00								
40	08-11	0	0	HEDIONE N.F.	12352000	KGM	KGS.	0.000	0.000	0.00	0.00	0.00	1.000	5.000	40	4	0.00	0.00	0.000	0.000	0.000	0.000	0.000	01	40	0.000	0	0.00								
40	17-04	0	0	ROSE W DL (NUEVA FORMULA)	12352000	KGM	KGS.	0.000	0.000	0.00	25.14	12.57	1.000	5.000	40	4	0.00	0.00	0.000	0.000	0.000	0.000	0.000	90	40	0.000	0	0.00								
40	02-28	0	0	BERGALE II DL  (68 A 73  68 C 240)	12352000	KGM	KGS.	0.000	0.000	0.00	40.18	20.09	1.000	5.000	40	4	0.00	0.00	0.000	0.000	0.000	0.000	0.000	01	40	0.000	0	0.00								
01	S6000-1	0	0	RDE.ESTORAQUE 50% DEP	12352000	KGM	KGS.	0.000	0.000	0.00	0.00	0.00	0.000	0.000	01	4	0.00	0.00	0.000	0.000	0.000	0.000	0.000	01	01	0.000	0	0.00								
40	11-24	0	0	JAZMIN 72	12352000	KGM	KGS.	0.000	0.000	0.00	17.12	0.00	1.000	5.000	40	4	0.00	0.00	0.000	0.000	0.000	0.000	0.000	01	40	0.000	0	0.00								
01	M0800-1	0	0	MANZANATE	12352000	KGM	KGS.	0.000	0.000	0.00	22.90	0.00	1.000	2.000	01	4	0.00	0.00	-5.000	0.000	0.000	0.000	0.000	1	01	0.000	0	0.00								
40	02-26-1	0	0	BASE CR 88008	12352000	KGM	KGS.	0.000	0.000	0.00	74.30	37.15	1.000	5.000	40	4	0.00	0.00	0.000	0.000	0.000	0.000	0.000	01	40	0.000	0	0.00								
40	05-19-1	0	0	ETIL MALTOL 2.5% PROPILENGLICOL	12352000	KGM	KGS.	0.000	0.000	0.00	36.26	18.13	1.000	5.000	40	4	0.00	0.00	0.000	0.000	0.000	0.000	0.000	01	40	0.000	0	0.00								
20	C7777-1	0	0	COCO AL ACEITE ARMEX	12352000	KGM	KGS.	0.000	0.000	0.00	12.72	6.36	1.000	5.000	20	4	0.00	0.00	0.000	0.000	0.000	0.000	0.000	01	20	0.000	0	0.00								
40	03-14	0	0	COCO CR 55007/M	12352000	KGM	KGS.	0.000	0.000	0.00	77.90	38.95	1.000	5.000	40	4	0.00	0.00	0.000	0.000	0.000	0.000	0.000	01	40	0.000	0	0.00								
40	15-11	0	0	PIÑA CR 55004/M	12352000	KGM	KGS.	0.000	0.000	0.00	12.00	6.00	1.000	4.000	40	4	0.00	0.00	0.000	0.000	0.000	0.000	0.000	01	40	0.000	0	0.00								
40	05-24	0	0	ETIL MALTOL 50% PG	12352000	KGM	KGS.	0.000	0.000	0.00	22.10	11.05	1.000	5.000	40	4	0.00	0.00	0.000	0.000	0.000	0.000	0.000	01	40	0.000	0	0.00								
20	C7777-2	0	0	COCO PIÑA PERF.MARU	12352000	KGM	KGS.	0.000	0.000	0.00	76.36	38.18	1.000	4.000	20	4	0.00	0.00	0.000	0.000	0.000	0.000	0.000	01	20	0.000	0	0.00								
20	D7511-2	0	0	DURAZNO ARMEX	12352000	KGM	KGS.	0.000	0.000	0.00	23.18	11.59	0.000	1.000	20	4	0.00	0.00	0.000	0.000	0.000	0.000	0.000	5	20	0.000	0	0.00								
21	A394.705	0	0	TANALIS FRAGA. QST.	12352000	KGM	KGS.	0.000	0.000	0.00	11.00	0.00	1.000	5.000	21	4	0.00	0.00	0.000	0.000	0.000	0.000	0.000	01	21	0.000	0	0.00								
20	E0000-1	0	0	ENGLICH LEATHER AL ACEITE ARMEX	12352000	KGM	KGS.	0.000	0.000	0.00	34.28	17.14	1.000	5.000	20	4	0.00	0.00	0.000	0.000	0.000	0.000	0.000	01	20	0.000	0	0.00								
20	C7950-1	0	0	CHANEL AG 035 FRAGANCIA TIPO	12352000	KGM	KGS.	0.000	0.000	0.00	11.32	5.66	1.000	5.000	20	4	0.00	0.00	0.000	0.000	0.000	0.000	0.000	01	20	0.000	0	0.00								
40	03-35	0	0	CANELA 55036-A BASE	12352000	KGM	KGS.	0.000	0.000	0.00	16.38	8.19	0.000	1.000	40	4	0.00	0.00	-2.000	0.000	0.000	0.000	0.000	5	40	0.000	0	0.00								
20	S9100	0	0	SPICE FRUTAL FRAGANCIA TIPO AG	12352000	KGM	KGS.	0.000	0.000	0.00	15.12	7.56	0.000	1.000	20	4	0.00	0.00	0.000	0.000	0.000	0.000	0.000	01	20	0.000	0	0.00								
20	B1001-1	0	0	BEBE 897 AG 40 FRAGANCIA TIPO	12352000	KGM	KGS.	0.000	0.000	0.00	28.92	14.46	1.000	5.000	20	4	0.00	0.00	0.000	0.000	0.000	0.000	0.000	01	20	0.000	0	0.00								
20	P6200-1	0	0	PINO HERBAL	12352000	KGM	KGS.	0.000	0.000	0.00	16.34	8.17	1.000	5.000	20	4	0.00	0.00	0.000	0.000	0.000	0.000	0.000	01	20	0.000	0	0.00								
01	S2020	0	0	SANDALORE	12352000	KGM	KGS.	0.000	0.000	0.00	21.95	0.00	2.000	5.000	01	4	0.00	177.50	0.000	0.000	0.000	0.000	0.000	1	01	0.000	0	0.00	65113-99-7	-				S		
20	S0710-1	0	0	SOFNESS AG 40 SOLUBLE AL AGUA	12352000	KGM	KGS.	0.000	0.000	0.00	108.18	54.09	1.000	5.000	20	4	0.00	0.00	-50.000	0.000	0.000	0.000	0.000	01	20	0.000	0	0.00								
01	D0200-1	0	0	DELTA DECALACTONA	12352000	KGM	KGS.	9.200	0.200	0.00	20.35	0.00	5.000	10.000	01	4	187.22	93.46	-22.000	0.000	0.000	0.000	0.000	1	01	0.000	0	0.00	705-86-2	-				S		
01	C0710	0	0	CARBONATO DE SODIO	12352000	KGM	KGS.	0.000	0.000	0.00	1.85	0.00	0.000	0.000	01	4	0.00	0.00	0.000	0.000	0.000	0.000	0.000	01	01	0.000	0	0.00								
01	A5800-1	0	0	BETA PINENO	12352000	KGM	KGS.	0.000	0.000	0.00	8.10	0.00	1.000	5.000	01	4	0.00	0.00	0.000	0.000	0.000	0.000	0.000	01	01	0.000	0	0.00	127-91-3	2319	S			S	S	
01	P8100-1	0	0	PROPILO ACETATO	12352000	KGM	KGS.	35.150	65.290	0.00	1.69	0.00	3.000	5.000	01	4	59.40	110.34	-1151.400	0.000	0.000	-200.000	0.000	01	01	0.000	0	0.00								
40	19-10-2	0	0	TUTIFRUTI SABOR A.P.	12352000	KGM	KGS.	0.000	0.000	0.00	15.96	7.98	1.000	5.000	40	4	0.00	0.00	0.000	0.000	0.000	0.000	0.000	01	40	0.000	0	0.00								
01	I9025	0	0	ISO VALERALDEHIDO	12352000	KGM	KGS.	0.000	0.000	0.00	32.00	0.00	5.000	7.000	01	4	0.00	0.00	0.000	0.000	0.000	0.000	0.000	01	01	0.000	0	0.00								
01	G1604	0	0	GAMMA TERPINENO	12352000	KGM	KGS.	0.000	0.000	0.00	11.52	0.00	5.000	10.000	01	4	0.00	0.00	0.000	0.000	0.000	0.000	0.000	01	01	0.000	0	0.00								
01	A4360	0	0	ALCOHOL FURFURILICO	12352000	KGM	KGS.	0.000	0.000	0.00	34.00	0.00	2.500	5.000	01	4	0.00	0.00	0.000	0.000	0.000	0.000	0.000	01	01	0.000	0	0.00	98-00-0	2874		S			S	
01	M2103	0	0	METIL 6 COUMARINA	12352000	KGM	KGS.	1.400	0.000	0.00	52.60	0.00	5.000	10.000	01	4	73.64	-216.33	-44.000	0.000	0.000	0.000	0.000	01	01	0.000	0	0.00	92-48-8	-				S	S	
01	C9990	0	0	CREMOPHORT RH 40	12352000	KGM	KGS.	0.000	0.000	0.00	12.00	0.00	60.000	120.000	01	4	0.00	0.00	-900.000	0.000	0.000	0.000	0.000	01	01	0.000	0	0.00								
01	F6100-1	0	0	FORMIATO DE LINALILO	12352000	KGM	KGS.	0.000	0.000	0.00	138.65	0.00	0.000	0.000	01	4	0.00	0.00	0.000	0.000	0.000	0.000	0.000	01	01	0.000	0	0.00								
01	A0601-1	0	0	ACETIL PROPIONILO	12352000	KGM	KGS.	0.000	0.000	0.00	105.00	0.00	1.000	5.000	01	4	0.00	0.00	-5.970	0.000	0.000	0.000	0.000	01	01	0.000	0	0.00	600-14-6	-	S		S	S		
20	H2700-2	0	0	HIPPIQUE LOZMAR	12352000	KGM	KGS.	0.000	0.000	0.00	14.10	7.05	1.000	5.000	20	4	0.00	0.00	0.000	0.000	0.000	0.000	0.000	01	20	0.000	0	0.00								
40	09-21-01	0	0	ISO VALERIANATO DE CINAMILO	12352000	KGM	KGS.	0.000	0.000	0.00	0.00	0.00	1.000	5.000	40	4	0.00	0.00	0.000	0.000	0.000	0.000	0.000	09	40	0.000	0	0.00								
30	OR22-01	0	0	OSCAR DE LA RENTA AL ACEITE ARMEX	12352000	KGM	KGS.	0.000	0.000	0.00	2.70	1.35	1.000	5.000	30	4	0.00	0.00	0.000	0.000	0.000	0.000	0.000	90	30	0.000	0	0.00								
31	OR22	0	0	OSCAR DE LA RENTA BASE GAMA 11622	12352000	KGM	KGS.	0.000	0.000	0.00	0.00	0.00	1.000	5.000	31	4	0.00	0.00	0.000	0.000	0.000	0.000	0.000	31	31	0.000	0	0.00								
01	M1400-1	0	0	MENTA ARVENSIS	12352000	KGM	KGS.	60.190	0.000	0.00	21.60	18.95	100.000	115.000	01	4	1300.10	8.49	-771.000	0.000	0.000	0.000	0.000	01	01	0.000	0	0.00	8006 90 4							
01	M1400-2	0	0	MENTA ARVENSIS GM	12352000	KGM	KGS.	0.000	0.000	0.00	63.18	31.59	0.000	0.000	01	4	0.00	0.00	0.000	0.000	0.000	0.000	0.000	01	01	0.000	0	0.00								
01	C0200-1	0	0	CAMPHENE PERFUMERY	12352000	KGM	KGS.	0.000	0.000	0.00	12.80	0.00	1.000	5.000	01	4	0.00	0.00	0.000	0.000	0.000	0.000	0.000	01	01	0.000	0	0.00								
01	C7400-1	0	0	CITRONELIL ISO BUTIRATO	12352000	KGM	KGS.	0.000	0.000	0.00	34.20	0.00	0.000	1.000	01	4	0.00	0.00	0.000	0.000	0.000	0.000	0.000	01	01	0.000	0	0.00								
01	C3100-1	0	0	CIS 3 HEXENYL BUTIRATE	12352000	KGM	KGS.	0.000	0.000	0.00	71.50	0.00	0.000	1.000	01	4	0.00	0.00	0.000	0.000	0.000	0.000	0.000	01	01	0.000	0	0.00								
40	04-99-01	0	0	DIACETILO  10% ALCOHOL	12352000	KGM	KGS.	0.000	0.000	0.00	17.60	8.80	1.000	5.000	40	4	0.00	0.00	0.000	0.000	0.000	0.000	0.000	01	40	0.000	0	0.00								
40	03-11	0	0	CACAO CR 55012/A	12352000	KGM	KGS.	0.000	0.000	0.00	4.24	2.12	1.000	5.000	40	4	0.00	0.00	0.000	0.000	0.000	0.000	0.000	01	40	0.000	0	0.00								
40	03-01	0	0	CACAO	12352000	KGM	KGS.	0.000	0.000	0.00	0.00	0.00	1.000	5.000	40	4	0.00	0.00	0.000	0.000	0.000	0.000	0.000	01	40	0.000	0	0.00								
40	06-15-01	0	0	FOENUM GRAECUM INF.CR 22003/C	12352000	KGM	KGS.	0.000	0.000	0.00	14.12	7.06	1.000	5.000	40	4	0.00	0.00	0.000	0.000	0.000	0.000	0.000	01	40	0.000	0	0.00								
40	05-26	0	0	EXTRACTO BLANDO DE ALHOVAS	12352000	KGM	KGS.	0.000	0.000	0.00	14.64	0.00	1.000	5.000	40	4	0.00	0.00	0.000	0.000	0.000	0.000	0.000	01	40	0.000	0	0.00								
40	15-02	0	0	NUEZ 55086/A L:01M/A	12352000	KGM	KGS.	0.000	0.000	0.00	26.76	13.38	1.000	5.000	40	4	0.00	0.00	0.000	0.000	0.000	0.000	0.000	01	40	0.000	0	0.00								
40	03-20-2	0	0	CAFE CR-55015/C	12352000	KGM	KGS.	0.000	0.000	0.00	0.00	0.00	1.000	5.000	40	4	0.00	0.00	0.000	0.000	0.000	0.000	0.000	01	40	0.000	0	0.00								
40	03-35-1	0	0	CANELA CRUDA CR 55036/M	12352000	KGM	KGS.	0.000	0.000	0.00	23.04	11.52	1.000	5.000	40	4	0.00	0.00	0.000	0.000	0.000	0.000	0.000	01	40	0.000	0	0.00								
40	06-41	0	0	FRUTAL AG 1301	12352000	KGM	KGS.	0.000	0.000	0.00	14.68	7.34	1.000	5.000	40	4	0.00	0.00	0.000	0.000	0.000	0.000	0.000	01	40	0.000	0	0.00								
40	01-39-1	0	0	ALCANFOR SINTETITO SOL 20% DEP	12352000	KGM	KGS.	0.000	0.000	0.00	18.88	9.44	1.000	5.000	40	4	0.00	0.00	0.000	0.000	0.000	0.000	0.000	01	40	0.000	0	0.00								
01	G1603-1	0	0	GAMA OCTALACTONA	12352000	KGM	KGS.	0.000	0.000	0.00	22.00	0.00	5.000	7.000	01	4	0.00	0.00	0.000	0.000	0.000	0.000	0.000	01	01	0.000	0	0.00	104-50-7	-				S		
31	P0700	0	0	PALOMA PICASSO ESS S/FORMULA	12352000	KGM	KGS.	0.000	0.000	0.00	133.77	0.00	1.000	5.000	31	4	0.00	0.00	0.000	0.000	0.000	0.000	0.000	01	01	0.000	0	0.00								
31	C7020	0	0	CAROLINA HERRERA ESS S/FORMULA	12352000	KGM	KGS.	0.000	0.000	0.00	50.00	0.00	1.000	5.000	31	4	0.00	0.00	0.000	0.000	0.000	0.000	0.000	01	01	0.000	0	0.00								
20	P0700-1	0	0	FRAG.TIPO PALOMA P AG	12352000	KGM	KGS.	0.000	0.000	0.00	189.74	94.87	1.000	5.000	20	4	0.00	0.00	0.000	0.000	0.000	0.000	0.000	01	01	0.000	0	0.00								
20	C7020-1	0	0	FRAG.CAROLINA H. TIPO AG	12352000	KGM	KGS.	0.000	0.000	0.00	46.50	23.25	1.000	5.000	20	4	0.00	0.00	0.000	0.000	0.000	0.000	0.000	01	01	0.000	0	0.00								
20	C7020-2	0	0	FRAG.CAROLINA H. TIPO ARMEX	12352000	KGM	KGS.	0.000	0.000	0.00	57.76	28.88	1.000	5.000	20	4	0.00	0.00	0.000	0.000	0.000	0.000	0.000		01	0.000	0	0.00								
01	E1101	0	0	ENELDO AC. ESC.	12352000	KGM	KGS.	0.000	0.000	0.00	53.00	0.00	1.000	2.000	01	4	0.00	0.00	0.000	0.000	0.000	0.000	0.000	01	01	0.000	0	0.00								
01	H6510-1	0	0	HIERBABUENA TERPENOS	12352000	KGM	KGS.	0.000	0.000	0.00	4.20	0.00	2.000	5.000	01	4	0.00	0.00	0.000	0.000	0.000	0.000	0.000	01	01	0.000	0	0.00								
01	N4101	0	0	NERYL ACETATE	12352000	KGM	KGS.	0.140	0.140	0.00	24.90	0.00	2.000	5.000	01	4	3.49	3.49	0.000	0.000	0.000	0.000	0.000	01	01	0.000	0	0.00								
01	C6200-2	0	0	CITRAL TERPENOS	12352000	KGM	KGS.	0.000	0.000	0.00	4.64	0.00	36.000	72.000	01	4	0.00	0.00	0.000	0.000	0.000	0.000	0.000	01	01	0.000	0	0.00								
01	I7000-1	0	0	ISO BUTIL ACETATO	12352000	KGM	KGS.	0.000	0.000	0.00	5.90	0.00	3.000	5.000	01	4	0.00	0.00	-144.000	0.000	0.000	0.000	0.000	01	01	0.000	0	0.00								
01	E7650-1	0	0	ETILO VALERIANATO ISO	12352000	KGM	KGM	6.950	6.890	0.00	11.77	0.00	5.000	10.000	01	4	81.80	81.09	-52.250	0.000	0.000	0.000	0.000	01	01	0.000	0	0.00	108-64-5	3272						
01	I6800	0	0	ISOFORONA	12352000	KGM	KGS.	0.000	0.000	0.00	1.62	0.00	0.000	0.000	01	4	0.00	0.00	-5.000	0.000	0.000	0.000	0.000	01	01	0.000	0	0.00								
01	G2600-1	0	0	GERANILO ISO BUTIRATO	12352000	KGM	KGS.	0.000	0.000	0.00	0.00	0.00	0.000	0.000	01	4	0.00	0.00	0.000	0.000	0.000	0.000	0.000	01	01	0.000	0	0.00								
01	M4302	0	0	MIRAC ALDEHIDO	12352000	KGM	KGS.	0.000	0.000	0.00	17.50	0.00	2.000	5.000	01	4	0.00	0.00	0.000	0.000	0.000	0.000	0.000	01	01	0.000	0	0.00								
20	C3500-1	0	0	CHICLE FRAGANCIA AL ACEITE ARMEX TIPO AG	12352000	KGM	KGS.	0.000	0.000	0.00	36.22	18.11	1.000	5.000	20	4	0.00	0.00	0.000	0.000	0.000	0.000	0.000	01	20	0.000	0	0.00								
20	A1000	0	0	AZAHAR FRAGANCIA TIPO AG	12352000	KGM	KGS.	0.000	0.000	0.00	13.42	6.71	1.000	5.000	20	4	0.00	0.00	0.000	0.000	0.000	0.000	0.000	01	20	0.000	0	0.00								
20	G6001-1	0	0	GARDENIAS TIPO AG CLAVE CT0119	12352000	KGM	KGS.	0.000	0.000	0.00	14.16	7.08	1.000	5.000	20	4	0.00	0.00	-1.000	0.000	0.000	0.000	0.000	01	20	0.000	0	0.00								
20	H2600-1	0	0	HELIOTROPO FRAGANCIA TIPO AG	12352000	KGM	KGS.	0.000	0.000	0.00	13.60	6.80	1.000	5.000	20	4	0.00	0.00	0.000	0.000	0.000	0.000	0.000	01	20	0.000	0	0.00								
20	V2801-1	0	0	VIOLETA TIPO AG CLAVE CTP287 FRAGANCIA	12352000	KGM	KGS.	0.000	0.000	0.00	16.20	8.10	1.000	5.000	20	4	0.00	0.00	0.000	0.000	0.000	0.000	0.000	01	20	0.000	0	0.00								
01	F2700-1	0	0	FORMIATO DE BENCILO	12352000	KGM	KGS.	0.000	0.000	0.00	13.00	0.00	0.000	0.000	01	4	0.00	0.00	0.000	0.000	0.000	0.000	0.000	01	01	0.000	0	0.00								
01	I9001-1	0	0	PROPILICO ALCOHOL	12352000	KGM	KGS.	0.000	0.000	0.00	1.44	0.00	1.000	3.000	01	4	0.00	0.00	0.000	0.000	0.000	0.000	0.000	01	01	0.000	0	0.00								
01	S1500-1	0	0	SANDALO MISORI	12352000	KGM	KGS.	0.000	0.000	0.00	540.00	0.00	0.000	0.000	01	4	0.00	0.00	0.000	0.000	0.000	0.000	0.000	01	01	0.000	0	0.00								
01	F0001	0	0	FENCHILO ALCOHOL	12352000	KGM	KGS.	0.000	0.000	0.00	14.67	0.00	5.000	10.000	01	4	0.00	0.00	-4.000	0.000	0.000	0.000	0.000	01	01	0.000	0	0.00								
20	V7421-1	0	0	VAINILLA CR 55052/M	12352000	KGM	KGS.	0.000	0.000	0.00	34.80	17.40	1.000	5.000	20	4	0.00	0.00	-20.000	0.000	0.000	0.000	0.000	01	20	0.000	0	0.00								
20	V7421-2	0	0	VAINILLA CR 55052/A	12352000	KGM	KGS.	0.000	0.000	0.00	25.92	12.96	1.000	5.000	20	4	0.00	0.00	0.000	0.000	0.000	0.000	0.000	01	20	0.000	0	0.00								
01	E8500-1	0	0	EUCALIPTUS GLOBULOS TERPENOS	12352000	KGM	KGS.	0.000	0.000	0.00	0.00	0.00	10.000	15.000	01	4	0.00	0.00	0.000	0.000	0.000	0.000	0.000	01	01	0.000	0	0.00								
01	C7990-1	0	0	CLORHIDRATO DE TIAMINA	12352000	KGM	KGS.	0.000	0.000	0.00	25.90	0.00	0.000	0.000	01	4	0.00	0.00	0.000	0.000	0.000	0.000	0.000	01	01	0.000	0	0.00								
20	CT381-1	0	0	HERBAL BOSQUES ARMEX	12352000	KGM	KGS.	0.000	0.000	0.00	64.32	32.16	1.000	5.000	20	4	0.00	0.00	0.000	0.000	0.000	0.000	0.000	01	01	0.000	0	0.00								
01	D4200-1	0	0	DIMETIL OCTANOL	12352000	KGM	KGS.	0.740	0.740	0.00	18.56	0.00	10.000	15.000	01	4	13.73	13.73	-8.000	0.000	0.000	0.000	0.000	01	01	0.000	0	0.00								
01	U0001	0	0	ULTRAVANIL	12352000	KGM	KGS.	0.000	0.000	0.00	319.85	0.00	0.000	0.000	01	4	0.00	0.00	0.000	0.000	0.000	0.000	0.000	01	01	0.000	0	0.00								
20	P4412	0	0	PAPAYA	12352000	KGM	KGS.	0.000	0.000	0.00	14.98	7.49	1.000	5.000	20	4	0.00	0.00	0.000	0.000	0.000	0.000	0.000	01	20	0.000	0	0.00								
01	B8100-1	0	0	BENZOIN OLIFFAC	12352000	KGM	KGS.	0.000	0.000	0.00	59.38	0.00	0.000	0.000	01	4	0.00	0.00	0.000	0.000	0.000	0.000	0.000	01	01	0.000	0	0.00								
01	B9000-1	0	0	BOISS AMBRENNE FORTE	12352000	KGM	KGS.	0.000	0.000	0.00	28.29	0.00	2.000	5.000	01	4	0.00	0.00	0.000	0.000	0.000	0.000	0.000	1	1	0.000	0	0.00								
01	M3450-10	0	0	METHYL N-AMIL KETONE	12352000	KGM	KGS.	0.000	0.000	0.00	12.90	0.00	5.000	10.000	01	4	0.00	0.00	0.000	0.000	0.000	0.000	0.000	1	01	0.000	0	0.00								
01	B2304	0	0	BENCILO VALERIANATO DE	12352000	KGM	KGS.	0.000	0.000	0.00	61.16	0.00	0.000	0.000	01	4	0.00	0.00	0.000	0.000	0.000	0.000	0.000	1	01	0.000	0	0.00								
01	E0405	0	0	ETIL 2 HEXANOL	12352000	KGM	KGS.	0.000	0.000	0.00	3.48	0.00	1.000	5.000	01	4	0.00	0.00	0.000	0.000	0.000	0.000	0.000	1	01	0.000	0	0.00								
01	E4300-2	0	0	ETIL AMIL CETONA	12352000	KGM	KGS.	0.000	0.000	0.00	29.90	0.00	1.000	3.000	01	4	0.00	0.00	0.000	0.000	0.000	0.000	0.000	1	01	0.000	0	0.00								
01	B8500-10	0	0	BISABOLENE	12352000	KGM	KGS.	0.000	0.000	0.00	134.80	0.00	0.000	0.000	01	4	0.00	0.00	0.000	0.000	0.000	0.000	0.000	01	1	0.000	0	0.00								
01	V4900-1	0	0	VERNALDEHIDO	12352000	KGM	KGS.	0.000	0.000	0.00	70.50	0.00	1.000	2.000	01	4	0.00	0.00	0.000	0.000	0.000	0.000	0.000	01	1	0.000	0	0.00								
01	I2905	0	0	ISO BUTIRATO DE HEXILO	12352000	KGM	KGS.	0.000	0.000	0.00	10.70	0.00	0.000	0.000	01	4	0.00	0.00	0.000	0.000	0.000	0.000	0.000	01	1	0.000	0	0.00								
01	VB0206	0	0	VIRUTA DE JABON (S/AROMA Y S/COLOR)	12352000	KGM	KGS.	0.000	0.000	0.00	1.06	0.00	0.000	0.000	01	4	0.00	0.00	0.000	0.000	0.000	0.000	0.000	01	1	0.000	0	0.00								
01	A0910-1	0	0	ACIDO TARTARICO	12352000	KGM	KGS.	0.000	0.000	0.00	9.20	0.00	1.000	5.000	01	4	0.00	0.00	0.000	0.000	0.000	0.000	0.000	01	01	0.000	0	0.00								
01	B9000-32	0	0	BURGENAL	12352000	KGM	KGS.	0.000	0.000	0.00	55.00	0.00	1.000	2.000	01	4	0.00	0.00	0.000	0.000	0.000	0.000	0.000	1	01	0.000	0	0.00								
01	F2300-60	0	0		12352000	KGM	KGS.	0.000	0.000	0.00	9.00	0.00	0.000	0.000	01	4	0.00	0.00	-100.000	0.000	0.000	0.000	0.000			0.000	0	0.00								
01	G1601-200	0	0	GAMA HEPTALACTONA	12352000	KGM	KGS.	0.000	0.000	0.00	14.96	0.00	0.000	0.000	01	4	0.00	0.00	-25.200	0.000	0.000	0.000	0.000	01	01	0.000	0	0.00	105-21-5	-				S		
01	T3100-40	0	0	TIMOL	12352000	KGM	KGS.	0.240	0.240	0.00	9.10	0.00	0.000	0.000	01	4	2.18	2.18	0.000	0.000	0.000	0.000	0.000	01	01	0.000	0	0.00	89-83-8	3261			S	S		S
21	A386703	0	0	FRAGANCIA PRIMAVERAL QST	12352000	KGM	KGS.	0.000	0.000	0.00	12.50	0.00	1.000	5.000	21	4	0.00	0.00	0.000	0.000	0.000	0.000	0.000	01	21	0.000	0	0.00								
01	A8200-200	0	0	ARMOISE AC. ESC.	12352000	KGM	KGS.	0.140	0.140	0.00	92.00	0.00	1.000	5.000	01	4	12.88	12.88	0.000	0.000	0.000	0.000	0.000	01	01	0.000	0	0.00								
01	PA0308	0	0	PHELLANDRENE ALPHA FCC	12352000	KGM	KGS.	0.000	0.000	0.00	63.00	0.00	0.000	0.000	01	4	0.00	0.00	0.000	0.000	0.000	0.000	0.000	01	1	0.000	0	0.00								
01	CH0308	0	0	CIS 3 HEXENIL BENZOATE	12352000	KGM	KGS.	0.000	0.000	0.00	115.50	0.00	0.000	0.000	01	4	0.00	0.00	0.000	0.000	0.000	0.000	0.000	00	00	0.000	0	0.00								
01	DU0308	0	0	DELTA UNDECALACTONA	12352000	KGM	KGS.	0.120	0.120	0.00	83.49	0.00	1.000	2.000	01	4	10.02	10.02	-7.000	0.000	0.000	0.000	0.000	01	1	0.000	0	0.00	710-04-3	-				S		
01	M00308	0	0	MYRCENE	12352000	KGM	KGS.	0.000	0.000	0.00	32.50	32.50	10.000	15.000	01	4	0.00	0.00	0.000	0.000	0.000	0.000	0.000	01	1	0.000	0	0.00								
01	BA308	0	0	BENZYL ACETONA	12352000	KGM	KGS.	0.000	0.000	0.00	7.68	0.00	1.000	3.000	01	4	0.00	0.00	-25.000	0.000	0.000	0.000	0.000	01	1	0.000	0	0.00								
01	DF608	0	0	DIPHENYL METHANE	12352000	KGM	KGS.	0.000	0.000	0.00	17.40	0.00	0.000	0.000	01	4	0.00	0.00	0.000	0.000	0.000	0.000	0.000	01	1	0.000	0	0.00								
01	AMC08	0	0	ALDEHIDE METHYL CINAMIC	12352000	KGM	KGS.	0.000	0.000	0.00	30.20	0.00	0.000	0.000	01	4	0.00	0.00	0.000	0.000	0.000	0.000	0.000	01	1	0.000	0	0.00								
01	E0708	0	0	ESPLIEGO AC. ESC.	12352000	KGM	KGS.	0.000	0.000	0.00	30.00	0.00	5.000	10.000	01	4	0.00	0.00	0.000	0.000	0.000	0.000	0.000	01	1	0.000	0	0.00								
01	P9000-20	0	0	PROPIONATO DE CINAMILO	12352000	KGM	KGS.	0.000	0.000	0.00	56.90	0.00	0.000	0.000	01	4	0.00	0.00	0.000	0.000	0.000	0.000	0.000	01	01	0.000	0	0.00								
01	P9000-30	0	0	PROPIONATO DE PROPILO	12352000	KGM	KGS.	0.000	0.000	0.00	66.00	0.00	0.000	0.000	01	4	0.00	0.00	0.000	0.000	0.000	0.000	0.000	01	01	0.000	0	0.00								
01	A7500-10	0	0	ALDEHIDO SALICILICO	12352000	KGM	KGS.	0.000	0.000	0.00	22.45	0.00	1.000	2.000	01	4	0.00	0.00	0.000	0.000	0.000	0.000	0.000	01	01	0.000	0	0.00								
01	A0901-10	0	0	ACIDO CINAMICO	12352000	KGM	KGS.	0.000	0.000	0.00	21.60	0.00	0.000	0.000	01	4	0.00	0.00	0.000	0.000	0.000	0.000	0.000	01	01	0.000	0	0.00								
01	P9000-10	0	0	PROPIONATO DE ANISILO	12352000	KGM	KGS.	0.000	0.000	0.00	52.90	0.00	0.000	0.000	01	4	0.00	0.00	0.000	0.000	0.000	0.000	0.000	01	01	0.000	0	0.00								
01	P5100-10	0	0	PIRIDINA	12352000	KGM	KGS.	0.000	0.000	0.00	48.90	0.00	0.000	0.000	01	4	0.00	0.00	0.000	0.000	0.000	0.000	0.000	01	01	0.000	0	0.00								
01	A0801-10	0	0	ALDEHIDO 2 METIL BUTIRICO	12352000	KGM	KGS.	0.000	0.000	0.00	185.00	0.00	0.000	0.000	01	4	0.00	0.00	0.000	0.000	0.000	0.000	0.000	01	01	0.000	0	0.00								
01	L2000-22	0	0	LAVANDIN GROSSO AC. ESC.	12352000	KGM	KGS.	0.000	0.000	0.00	23.30	0.00	0.000	0.000	01	4	0.00	0.00	-5.000	0.000	0.000	0.000	0.000	01	1	0.000	0	0.00								
01	A0910-79	0	0	ACIDO LAURICO	12352000	KGM	KGS.	0.000	0.000	0.00	3.00	0.00	1.000	5.000	01	4	0.00	0.00	-5.000	0.000	0.000	0.000	0.000	01	01	0.000	0	0.00	143-07-7	-			S	S		
50	E0380	0	0			KGM	KGS.	0.000	0.000	0.00	0.00	0.00	0.000	0.000		4	0.00	0.00	0.000	0.000	0.000	0.000	0.000			0.000	0	0.00								
01	I9000-920	0	0	ISOPROPIL MIRISTATO	12352000	KGM	KGS.	0.000	0.000	0.00	6.40	0.00	1.000	2.000	01	4	0.00	0.00	0.000	0.000	0.000	0.000	0.000	01	01	0.000	0	0.00								
01	A0910-100	0	0	ACIDO LEVULINICO	12352000	KGM	KGS.	0.000	0.000	0.00	40.00	0.00	1.000	5.000	01	4	0.00	0.00	-10.000	0.000	0.000	0.000	0.000	01	01	0.000	0	0.00	123-76-2	-				S		
01	G7000-32	0	0	GOMA GUAR	12352000	KGM	KGS.	0.000	0.000	0.00	11.50	0.00	0.000	0.000	01	4	0.00	-600.00	-198.900	0.000	0.000	0.000	0.000	01	01	0.000	0	0.00								
01	S0000-300	0	0	SACARINA	12352000	KGM	KGS.	0.000	0.000	0.00	5.45	0.00	0.000	0.000	01	4	0.00	0.00	0.000	0.000	0.000	0.000	0.000	01	01	0.000	0	0.00								
01	B7500-400	0	0	BENZOATO DE SODIO	12352000	KGM	KGS.	0.000	0.000	0.00	2.22	0.00	0.000	0.000	01	4	0.00	0.00	0.000	0.000	0.000	0.000	0.000	01	01	0.000	0	0.00								
01	B8500-500	0	0	BIOXIDO DE TITANIO	12352000	KGM	KGS.	0.000	0.000	0.00	7.06	0.00	1.000	5.000	01	4	0.00	0.00	0.000	0.000	0.000	0.000	0.000	01	01	0.000	0	0.00								
01	A0551-200	0	0	ACETATO C-10	12352000	KGM	KGS.	0.000	0.000	0.00	19.00	0.00	1.000	10.000	01	4	0.00	0.00	0.000	0.000	0.000	0.000	0.000	01	1	0.000	0	0.00								
01	R0000-220	0	0	RESINOIEDE INCIENSO	12352000	KGM	KGS.	0.000	0.000	0.00	12.70	6.35	0.000	0.000	01	4	0.00	0.00	0.000	0.000	0.000	0.000	0.000	01	01	0.000	0	0.00								
01	F1600-100	0	0			KGM	KGM	0.000	0.000	0.00	14.72	7.36	0.000	0.000	01	4	0.00	0.00	0.000	0.000	0.000	0.000	0.000			0.000	0	0.00								
01	P3500-100	0	0	PATCHOULY YELLOW PALE	12352000	KGM	KGS.	0.000	0.000	0.00	0.00	0.00	5.000	10.000	01	4	0.00	-2973.50	-7.000	0.000	0.000	0.000	0.000	01	01	0.000	0	0.00								
01	P3500-400	0	0	PEACH OLIFFAC	12352000	KGM	KGS.	0.000	0.000	0.00	25.00	0.00	0.000	0.000	01	4	0.00	0.00	0.000	0.000	0.000	0.000	0.000	01	01	0.000	0	0.00								
01	H1200-200	0	0	HELIOTROPEX	12352000	KGM	KGS.	0.000	0.000	0.00	11.76	5.88	10.000	15.000	01	4	0.00	0.00	0.000	0.000	0.000	0.000	0.000	01	01	0.000	0	0.00								
01	I3600-100	0	0	ISO VALERATO DE BUTILO	12352000	KGM	KGS.	0.000	0.000	0.00	12.85	0.00	0.000	0.000	01	4	0.00	0.00	0.000	0.000	0.000	0.000	0.000	01	01	0.000	0	0.00								
01	B9600-20	0	0	BUTIL 2 METIL BUTIRATO	12352000	KGM	KGS.	0.000	0.000	0.00	38.00	0.00	0.000	0.000	01	4	0.00	0.00	0.000	0.000	0.000	0.000	0.000	01	01	0.000	0	0.00								
01	A7500-010	0	0	ALDEHIDO PROPIONICO	12352000	KGM	KGS.	0.000	0.000	0.00	34.40	0.00	1.000	2.000	01	4	0.00	0.00	0.000	0.000	0.000	0.000	0.000	01	01	0.000	0	0.00								
01	A5700-200	0	0	ALDEHIDO BUTIRICO	12352000	KGM	KGS.	0.000	0.000	0.00	12.50	0.00	1.000	5.000	01	4	0.00	0.00	0.000	0.000	0.000	0.000	0.000	01	01	0.000	0	0.00	123 72 8	1129						
01	A4509-100	0	0	ALDEHIDO C 07	12352000	KGM	KGS.	0.000	0.000	0.00	10.30	0.00	0.000	0.000	01	4	0.00	0.00	0.000	0.000	0.000	0.000	0.000	01	01	0.000	0	0.00								
01	A3102-22	0	0	ALCOHOL C 07	12352000	KGM	KGS.	0.000	0.000	0.00	11.00	0.00	0.000	0.000	01	4	0.00	0.00	0.000	0.000	0.000	0.000	0.000	01	01	0.000	0	0.00								
01	B7500-700	0	0	BETA DAMASCONE	12352000	KGM	KGS.	0.000	4.000	0.00	385.00	0.00	0.000	0.000	01	4	0.00	2073.07	-1.000	0.000	0.000	0.000	0.000	01	1	0.000	0	0.00								
01	C5600-500	0	0	CIPRES AC. ESC.	12352000	KGM	KGM.	0.000	0.000	0.00	68.80	0.00	0.000	0.000	01	4	0.00	0.00	-2.000	0.000	0.000	0.000	0.000	01	1	0.000	0	0.00								
01	C0227-320	0	0	CANANGA AC. ESC.	12352000	KGM	KGS.	0.000	0.000	0.00	49.40	0.00	0.000	0.000	01	4	0.00	0.00	0.000	0.000	0.000	0.000	0.000	01	01	0.000	0	0.00								
01	O8500-300	0	0	OREGANUM OIL	12352000	KGM	KGM	0.300	0.300	0.00	81.50	0.00	0.000	0.000	01	4	24.45	24.45	-7.000	0.000	0.000	0.000	0.000	01	01	0.000	0	0.00								
01	H2020-200	0	0	HEPTOATO DE ETILO	12352000	KGM	KGS.	0.000	0.000	0.00	11.85	0.00	2.000	5.000	01	4	0.00	-53.90	-7.000	0.000	0.000	0.000	0.000	01	01	0.000	0	0.00	106-30-9	1993				S		
01	T2800-500	0	0	"TRIMETIL PIRAZINA 2,3,5"	12352000	KGM	KGS.	0.000	0.000	0.00	148.00	0.00	0.000	0.000	01	4	0.00	0.00	-41.000	0.000	0.000	0.000	0.000	01	01	0.000	0	0.00								
01	I7000-500	0	0	ISO BUTILO CAPROATO DE	12352000	KGM	KGS.	0.000	0.000	0.00	20.95	0.00	0.000	0.000	01	4	0.00	0.00	0.000	0.000	0.000	0.000	0.000	01	01	0.000	0	0.00								
01	T2800-600	0	0	"TRETAMETIL PIRAZINA 2,3,5,6"	12352000	KGM	KGS.	0.000	0.000	0.00	220.00	0.00	0.000	0.000	01	4	0.00	0.00	0.000	0.000	0.000	0.000	0.000	01	00	0.000	0	0.00								
01	I3705-400	0	0	ISO AMILO CINAMATO	12352000	KGM	KGS.	0.000	0.000	0.00	34.50	0.00	0.000	0.000	01	4	0.00	0.00	0.000	0.000	0.000	0.000	0.000	01	01	0.000	0	0.00								
01	M3620-100	0	0	METIL PIRAZINA (2)	12352000	KGM	KGS.	0.000	0.000	0.00	188.00	0.00	0.000	0.000	01	4	0.00	0.00	0.000	0.000	0.000	0.000	0.000	01	01	0.000	0	0.00								
01	C0410-400	0	0	CAPROATO DE HEXILO	12352000	KGM	KGS.	0.000	0.000	0.00	11.15	0.00	1.000	3.000	01	4	0.00	0.00	0.000	0.000	0.000	0.000	0.000	01	01	0.000	0	0.00	6378-65-0	-				S		
01	D1800-600	0	0	DIETILO SEBACATO	12352000	KGM	KGS.	0.000	0.000	0.00	33.33	0.00	2.000	5.000	01	4	0.00	0.00	0.000	0.000	0.000	0.000	0.000	01	01	0.000	0	0.00								
01	I3705-900	0	0	ISO BUTILO CINAMATO DE	12352000	KGM	KGS.	0.000	0.000	0.00	176.70	0.00	0.000	0.000	01	4	0.00	0.00	0.000	0.000	0.000	0.000	0.000	01	01	0.000	0	0.00								
01	A8000-700	0	0	ANISATO DE ETILO	12352000	KGM	KGS.	0.000	0.000	0.00	135.10	0.00	1.000	8.000	01	4	0.00	0.00	0.000	0.000	0.000	0.000	0.000	01	01	0.000	0	0.00								
01	T2700-100	0	0	TIAZOL 2 ISO BUTIL	12352000	KGM	KGS.	0.000	0.000	0.00	2935.00	0.00	0.000	0.000	01	4	0.00	0.00	0.000	0.000	0.000	0.000	0.000	01	01	0.000	0	0.00								
01	T2700-200	0	0	TIAZOL 4 METIL	12352000	KGM	KGS.	0.000	0.000	0.00	280.55	0.00	0.000	0.000	01	4	0.00	0.00	0.000	0.000	0.000	0.000	0.000	00	01	0.000	0	0.00								
01	D4300-400	0	0	DIMETIL RESORCINOL	12352000	KGM	KGS.	0.000	0.000	0.00	32.30	0.00	0.000	1.000	01	4	0.00	0.00	0.000	0.000	0.000	0.000	0.000	01	01	0.000	0	0.00								
01	B8201-324	0	0	BENZOTIZOLE	12352000	KGM	KGS.	0.000	0.000	0.00	172.60	0.00	0.000	0.000	01	4	0.00	0.00	0.000	0.000	0.000	0.000	0.000	01	01	0.000	0	0.00								
01	D4404-920	0	0	DIMETIL TIAZOLE 4.5	12352000	KGM	KGS.	0.000	0.000	0.00	1265.00	0.00	0.000	0.000	01	4	0.00	0.00	0.000	0.000	0.000	0.000	0.000	01	01	0.000	0	0.00								
01	P4291-700	0	0	PIRAZINE	12352000	KGM	KGS.	0.000	0.000	0.00	458.10	0.00	0.000	0.000	01	4	0.00	0.00	0.000	0.000	0.000	0.000	0.000	01	01	0.000	0	0.00								
01	A8107-300	0	0	ANTHER	12352000	KGM	KGS.	0.000	0.000	0.00	34.12	0.00	1.000	5.000	01	4	0.00	0.00	0.000	0.000	0.000	0.000	0.000	01	01	0.000	0	0.00								
01	F2600-700	0	0	FENOXI ETIL ISO BUTIRATO	12352000	KGM	KGS.	0.000	0.000	0.00	7.85	0.00	5.000	10.000	01	4	0.00	0.00	-20.000	0.000	0.000	0.000	0.000	01	01	0.000	0	0.00								
01	L1094-30	0	0	LAUREL AC. ESC.	12352000	KGM	KGS.	0.970	0.870	0.00	105.00	0.00	0.150	0.500	01	4	91.93	551.30	-19.000	0.000	0.000	0.000	0.000	01	01	0.000	0	0.00								
01	L1631-47	0	0	LAURATO DE ETILO	12352000	KGM	KGS.	0.000	0.000	0.00	9.50	0.00	5.000	7.000	01	4	0.00	0.00	-68.000	0.000	0.000	0.000	0.000	01	01	0.000	0	0.00	106-33-2	-				S		
01	I3600-50	0	0	ISO VALERIANATO DE CINAMILO	12352000	KGM	KGS.	0.000	0.000	0.00	86.25	0.00	0.000	0.000	01	4	0.00	0.00	0.000	0.000	0.000	0.000	0.000	01	01	0.000	0	0.00								
01	N5000-300	0	0	NEROLI BROMELIA CRISTALES	12352000	KGM	KGS.	0.000	0.000	0.00	14.48	0.00	5.000	10.000	01	4	0.00	0.00	-100.000	0.000	0.000	0.000	0.000	01	01	0.000	0	0.00								
01	H3700-400	0	0	HERBOXANE	12352000	KGM	KGS.	0.000	0.000	0.00	22.00	0.00	1.000	5.000	01	4	0.00	0.00	0.000	0.000	0.000	0.000	0.000	01	01	0.000	0	0.00								
01	L4100-1	0	0	LIMON TIPO CALIFORNIA AC.ESC. PRO-AGRO	12352000	KGM	KGS.	0.000	0.000	0.00	11.14	5.57	0.000	0.000	01	4	0.00	0.00	0.000	0.000	0.000	0.000	0.000	01	01	0.000	0	0.00								
01	J1056-20	0	0	JENGIBRE AC. ESC.	12352000	KGM	KGM	0.000	0.000	0.00	94.50	0.00	0.000	0.000	01	4	0.00	0.00	0.000	0.000	0.000	0.000	0.000	01	01	0.000	0	0.00								
50	E0294-31	0	0	00.500 LTS. ENVASE PRODUCCION	12352000	KGM	KGS.	0.000	0.000	0.00	0.18	0.00	1.000	50.000	50	4	0.00	0.00	0.000	0.000	0.000	0.000	0.000	01	50	0.000	0	0.00								
50	E0400-32	0	0	20.000 LTS. CUBETA	12352000	KGM	KGS.	0.000	0.000	0.00	1.90	0.00	1.000	10.000	50	4	0.00	0.00	0.000	0.000	0.000	0.000	0.000	01	50	0.000	0	0.00								
01	A5600-200	0	0	ALDEHIDO C 18 LIGEROS	12352000	KGM	KGS.	0.000	0.000	0.00	0.25	0.00	7.000	10.000	01	4	0.00	0.00	0.000	0.000	0.000	0.000	0.000	01	01	0.000	0	0.00								
01	M1700-400	0	0	MENTHONE ISO	12352000	KGM	KGS.	0.000	0.000	0.00	31.80	0.00	0.000	0.000	01	4	0.00	0.00	0.000	0.000	0.000	0.000	0.000	01	01	0.000	0	0.00								
01	B9000-320	0	0	BORNEOL ISO	12352000	KGM	KGS.	0.000	0.000	0.00	17.40	0.00	3.000	6.000	01	4	0.00	0.00	-271.500	0.000	0.000	-10.000	0.000	01	01	0.000	0	0.00								
01	H4610-24	0	0	HEXYL BENZOATE	12352000	KGM	KGS.	18.460	18.440	0.00	5.75	0.00	0.000	0.000	01	4	106.15	106.04	0.000	0.000	0.000	0.000	0.000	01	01	0.000	0	0.00								
01	A0601-100	0	0	ACETIL ISO EUGENOL	12352000	KGM	KGS.	0.000	0.000	0.00	65.90	0.00	1.000	5.000	01	4	0.00	0.00	0.000	0.000	0.000	0.000	0.000	01	01	0.000	0	0.00								
01	A0979-10	0	0	ACIDO MIRISTICO	12352000	KGM	KGS.	0.000	0.000	0.00	8.30	0.00	1.000	5.000	01	4	0.00	0.00	0.000	0.000	0.000	0.000	0.000	1	01	0.000	0	0.00								
01	T2500-20	0	0	TETRAHIDROLINALOOL	12352000	KGM	KGS.	0.000	0.000	0.00	15.80	0.00	25.000	50.000	01	4	0.00	818.90	0.000	0.000	0.000	110.000	0.000	01	01	0.000	0	0.00	78-69-3	-				S		
01	H4200-10	0	0	HEXIL BUTIRATO	12352000	KGM	KGS.	0.000	0.000	0.00	7.80	0.00	0.000	0.000	01	4	0.00	0.00	-50.000	0.000	0.000	0.000	0.000	01	01	0.000	0	0.00								
01	I2910-329	0	0	ISO BUTIL BENZOATE	12352000	KGM	KGS.	0.000	0.000	0.00	10.00	0.00	0.000	0.000	01	4	0.00	0.00	0.000	0.000	0.000	0.000	0.000	01	01	0.000	0	0.00								
20	M0642-300	0	0	MANTEQUILLA AROMA TIPO AG 01	12352000	KGM	KGS.	0.000	0.000	0.00	14.08	7.04	1.000	5.000	20	4	0.00	0.00	0.000	0.000	0.000	0.000	0.000	01	01	0.000	0	0.00								
40	02-20-31	0	0	BASE CR 08011	12352000	KGM	KGS.	0.000	0.000	0.00	17.26	8.63	1.000	5.000	40	4	0.00	0.00	0.000	0.000	0.000	0.000	0.000	01	40	0.000	0	0.00								
40	15-90-20	0	0	NARANJA JUGO CR 55010/M	12352000	KGM	KGS.	0.000	0.000	0.00	33.88	16.94	1.000	5.000	40	4	0.00	0.00	0.000	0.000	0.000	0.000	0.000	40	40	0.000	0	0.00								
40	01-50-32	0	0	ALDEHIDO ACETICO SOL 10% ALCOHOL	12352000	KGM	KGS.	0.000	0.000	0.00	39.88	19.94	1.000	5.000	40	4	0.00	0.00	0.000	0.000	0.000	0.000	0.000	01	40	0.000	0	0.00								
40	15-90-30	0	0	NARANJA CR 55010/M	12352000	KGM	KGS.	0.000	0.000	0.00	35.26	17.63	1.000	5.000	40	4	0.00	0.00	0.000	0.000	0.000	0.000	0.000	01	40	0.000	0	0.00								
40	15-90-32	0	0	NARANJA SABOR TIPO AG 01	12352000	KGM	KGS.	0.000	0.000	0.00	25.78	12.89	1.000	5.000	40	4	0.00	0.00	0.000	0.000	0.000	0.000	0.000	01	40	0.000	0	0.00								
40	14-10-29	0	0	MANZANA CR 55050/M	12352000	KGM	KGS.	0.000	0.000	0.00	12.76	6.38	1.000	5.000	40	4	0.00	0.00	0.000	0.000	0.000	0.000	0.000	01	40	0.000	0	0.00								
40	02-20-1	0	0	BASE CR 88017	12352000	KGM	KGS.	0.000	0.000	0.00	0.00	0.00	1.000	5.000	40	4	0.00	0.00	0.000	0.000	0.000	0.000	0.000	01	40	0.000	0	0.00								
40	02-20-41	0	0	BASE CR 88017	12352000	KGM	KGS.	0.000	0.000	0.00	17.20	8.60	1.000	5.000	40	4	0.00	0.00	0.000	0.000	0.000	0.000	0.000	01	40	0.000	0	0.00								
40	05-19-01	0	0	ETIL MALTOL 50% ALCOHOL	12352000	KGM	KGS.	0.000	0.000	0.00	19.88	9.94	1.000	5.000	40	4	0.00	0.00	0.000	0.000	0.000	0.000	0.000	01	40	0.000	0	0.00								
40	02-20-42	0	0	BASE CR 88018	12352000	KGM	KGS.	0.000	0.000	0.00	20.58	10.29	1.000	5.000	40	4	0.00	0.00	0.000	0.000	0.000	0.000	0.000	01	40	0.000	0	0.00								
40	06-12-101	0	0	FORMIATO DE GERANILO 10% ALCOHOL	12352000	KGM	KGS.	0.000	0.000	0.00	41.96	20.98	1.000	5.000	40	4	0.00	0.00	0.000	0.000	0.000	0.000	0.000	01	40	0.000	0	0.00								
40	G9241-790	0	0	GRANADINA CR 55062/A	12352000	KGM	KGS.	0.000	0.000	0.00	7.80	3.90	1.000	5.000	40	4	0.00	0.00	0.000	0.000	0.000	0.000	0.000	01	40	0.000	0	0.00								
31	D9429-20	0	0	DIORISSIMO ARIES	12352000	KGM	KGS.	0.000	0.000	0.00	85.42	0.00	1.000	5.000	31	4	0.00	0.00	0.000	0.000	0.000	0.000	0.000	01	31	0.000	0	0.00								
01	D1222-30	0	0	DIBENCIL ETHER	12352000	KGM	KGS.	0.000	0.000	0.00	12.50	0.00	0.000	0.000	01	4	0.00	0.00	0.000	0.000	0.000	0.000	0.000	01	01	0.000	0	0.00								
31	P4221-32	0	0	PLEASURE MD1088	12352000	KGM	KGS.	0.000	0.000	0.00	71.00	0.00	1.000	20.000	31	4	0.00	0.00	0.000	0.000	0.000	0.000	0.000	31	01	0.000	0	0.00								
31	P5132-9	0	0	POLO SPORT CAB.MD 1092	12352000	KGM	KGS.	0.000	0.000	0.00	63.64	0.00	1.000	10.000	31	4	0.00	0.00	0.000	0.000	0.000	0.000	0.000	31	01	0.000	0	0.00								
31	E3921-72	0	0	ETERNITY MEN.PP3864D252727	12352000	KGM	KGS.	0.000	0.000	0.00	71.57	0.00	1.000	20.000	31	4	0.00	0.00	0.000	0.000	0.000	0.000	0.000	01	31	0.000	0	0.00								
01	L2700-321	0	0	LEMONGRASS TERPENOS	12352000	KGM	KGS.	0.000	0.000	0.00	5.15	0.00	10.000	15.000	01	4	0.00	0.00	0.000	0.000	0.000	0.000	0.000	01	01	0.000	0	0.00								
01	P4500-390	0	0	PETIT GREIN TERPENOS	12352000	KGM	KGS.	0.000	0.000	0.00	12.90	0.00	3.000	5.000	01	4	0.00	0.00	0.000	0.000	0.000	0.000	0.000	01	01	0.000	0	0.00								
01	G8501-240	0	0	GUAYIL ACETATO	12352000	KGM	KGS.	0.000	0.000	0.00	42.30	0.00	1.000	5.000	01	4	0.00	0.00	-4.000	0.000	0.000	0.000	0.000	01	01	0.000	0	0.00								
01	A6028-310	0	0	APHERMATE	12352000	KGM	KGS.	6.000	4.880	0.00	46.82	0.00	1.000	5.000	01	4	129.00	261.53	0.000	0.000	0.000	0.000	0.000	01	01	0.000	0	0.00	25225-08-5	-				S		
20	C7777-3	0	0	COCO SECO P/VELADORAS	12352000	KGM	KGS.	0.000	0.000	0.00	40.48	20.24	1.000	5.000	20	4	0.00	0.00	0.000	0.000	0.000	0.000	0.000	01	01	0.000	0	0.00								
31	A2910-320	0	0	AQUA DE GIOGIO	12352000	KGM	KGS.	0.000	0.000	0.00	63.91	0.00	1.000	5.000	31	4	0.00	0.00	0.000	0.000	0.000	0.000	0.000	01	31	0.000	0	0.00								
20	V2801-2	0	0	VIOLETA IMPERIAL P/VELADORA	12352000	LTR	LTR.	0.000	0.000	0.00	43.84	21.92	1.000	5.000	20	4	0.00	0.00	-5.000	0.000	0.000	0.000	0.000	01	20	0.000	0	0.00								
01	F9801-321	0	0	FURANEOL -STRAWBERRY FURANONE-	12352000	KGM	KGS.	0.000	0.000	0.00	135.30	0.00	0.000	0.000	01	4	0.00	0.00	-6.000	0.000	0.000	0.000	0.000	01	01	0.000	0	0.00	3658 77 3							
01	T6624-20	0	0	TREASOLIDE	12352000	KGM	KGS.	0.000	0.000	0.00	27.24	0.00	1.000	4.000	01	4	0.00	0.00	0.000	0.000	0.000	0.000	0.000	01	01	0.000	0	0.00								
31	O3124-10	0	0	OPIUM MEN	12352000	KGM	KGS.	0.000	0.000	0.00	62.15	0.00	1.000	5.000	31	4	0.00	0.00	0.000	0.000	0.000	0.000	0.000	01	31	0.000	0	0.00								
31	F3124-10	0	0	FLORA	12352000	KGM	KGS.	0.000	0.000	0.00	58.08	0.00	1.000	5.000	31	4	0.00	0.00	0.000	0.000	0.000	0.000	0.000	01	31	0.000	0	0.00								
31	E3124-10	0	0	EXCLAMATION	12352000	KGM	KGS.	0.000	0.000	0.00	55.50	0.00	1.000	5.000	31	4	0.00	0.00	0.000	0.000	0.000	0.000	0.000	01	31	0.000	0	0.00								
31	A3124-10	0	0	AMARICH	12352000	KGM	KGS.	0.000	0.000	0.00	50.00	0.00	1.000	5.000	31	4	0.00	0.00	0.000	0.000	0.000	0.000	0.000	01	31	0.000	0	0.00								
31	E2129-10	0	0	ESCAPE	12352000	KGM	KGS.	0.000	0.000	0.00	58.40	0.00	1.000	5.000	31	4	0.00	0.00	0.000	0.000	0.000	0.000	0.000	01	31	0.000	0	0.00								
31	A3124-20	0	0	ALLURE	12352000	KGM	KGS.	0.000	0.000	0.00	67.70	0.00	15.000	25.000	31	4	0.00	0.00	0.000	0.000	0.000	0.000	0.000	01	31	0.000	0	0.00								
31	O3124-20	0	0	OCEAN DREAM	12352000	KGM	KGS.	0.000	0.000	0.00	65.80	0.00	1.000	5.000	31	4	0.00	0.00	0.000	0.000	0.000	0.000	0.000	01	31	0.000	0	0.00								
31	M3124-20	0	0	MONTANA	12352000	KGM	KGS.	0.000	0.000	0.00	53.30	0.00	1.000	5.000	31	4	0.00	0.00	0.000	0.000	0.000	0.000	0.000	01	31	0.000	0	0.00								
31	C3124-20	0	0	CONTRADICTION	12352000	KGM	KGS.	0.000	0.000	0.00	70.00	0.00	1.000	5.000	31	4	0.00	0.00	0.000	0.000	0.000	0.000	0.000	01	31	0.000	0	0.00								
31	C3524-20	0	0	COOL WATER	12352000	KGM	KGS.	0.000	0.000	0.00	36.00	0.00	1.000	5.000	31	4	0.00	0.00	0.000	0.000	0.000	0.000	0.000	01	31	0.000	0	0.00								
31	C3590-20	0	0	CK ONE	12352000	KGM	KGS.	0.000	0.000	0.00	64.00	0.00	1.000	5.000	31	4	0.00	0.00	0.000	0.000	0.000	0.000	0.000	01	31	0.000	0	0.00								
31	H3524-20	0	0	HUGO BOSS	12352000	KGM	KGS.	0.000	0.000	0.00	60.70	0.00	1.000	5.000	31	4	0.00	0.00	0.000	0.000	0.000	0.000	0.000	01	31	0.000	0	0.00								
31	B3124-29	0	0	BOSS	12352000	KGM	KGS.	0.000	0.000	0.00	69.50	0.00	1.000	5.000	31	4	0.00	0.00	0.000	0.000	0.000	0.000	0.000	01	31	0.000	0	0.00								
01	A0551-190	0	0	ACETATE C 8	12352000	KGM	KGS.	0.000	0.000	0.00	8.90	0.00	1.000	5.000	01	4	0.00	0.00	0.000	0.000	0.000	0.000	0.000	01	01	0.000	0	0.00								
01	C3927-100	0	0	CYCLABUTE	12352000	KGM	KGS.	0.000	0.000	0.00	8.59	0.00	1.000	5.000	01	4	0.00	0.00	0.000	0.000	0.000	0.000	0.000	01	01	0.000	0	0.00								
01	E7691-320	0	0	ETHYL SALICILATE	12352000	KGM	KGS.	0.000	0.000	0.00	7.50	0.00	0.000	0.000	01	4	0.00	0.00	-6.000	0.000	0.000	0.000	0.000	01	01	0.000	0	0.00								
20	V2801-3	0	0	VIOLETA P/VELADORAS CONCENTRADA	12352000	KGM	KGS.	0.000	0.000	0.00	35.30	17.65	1.000	5.000	20	4	0.00	0.00	0.000	0.000	0.000	0.000	0.000	01	20	0.000	0	0.00								
01	A7210-41	0	0	AMBRETEX	12352000	KGM	KGS.	0.000	0.000	0.00	26.10	0.00	0.000	0.000	01	4	0.00	0.00	0.000	0.000	0.000	0.000	0.000	01	01	0.000	0	0.00								
40	19-124	0	0	TORONJA AC.ESC. CR 594	12352000	KGM	KGS.	0.000	0.000	0.00	41.24	20.62	1.000	5.000	40	4	0.00	0.00	0.000	0.000	0.000	0.000	0.000	01	40	0.000	0	0.00								
01	O8110-24	0	0	OCIMENE	12352000	KGM	KGS.	0.000	0.000	0.00	67.10	0.00	1.000	1.000	01	4	0.00	0.00	0.000	0.000	0.000	0.000	0.000	01	01	0.000	0	0.00								
01	T6507-21	0	0	TRANS 2 HEXENYL ACETATE	12352000	KGM	KGS.	0.000	0.000	0.00	65.00	0.00	0.000	0.000	01	4	0.00	0.00	0.000	0.000	0.000	0.000	0.000	01	01	0.000	0	0.00								
01	M3007-21	0	0	METHYL ISO VALERATE	12352000	KGM	KGS.	0.000	0.000	0.00	75.90	0.00	0.000	0.000	01	4	0.00	0.00	0.000	0.000	0.000	0.000	0.000	01	01	0.000	0	0.00								
01	I7010-940	0	0	ISO BUTIL BUTIRATO	12352000	KGM	KGS.	0.000	0.000	0.00	9.60	0.00	0.000	0.000	01	4	0.00	0.00	0.000	0.000	0.000	0.000	0.000	01	01	0.000	0	0.00								
20	S3690-7	0	0	SANDALO PARA VELADORAS	12352000	KGM	KGS.	0.000	0.000	0.00	182.88	91.44	1.000	5.000	20	4	0.00	0.00	0.000	0.000	0.000	0.000	0.000	01	01	0.000	0	0.00								
20	D2174-3	0	0	DINERO FRAGANCIA TIPO	12352000	LTR	LTR.	0.000	0.000	0.00	121.08	60.54	1.000	5.000	20	4	0.00	0.00	-5.000	0.000	0.000	0.000	0.000	01	20	0.000	0	0.00								
20	V7429-31	0	0	VAINILLA NATURAL	12352000	KGM	KGS.	0.000	0.000	0.00	0.00	0.00	1.000	5.000	20	4	0.00	0.00	0.000	0.000	0.000	0.000	0.000	01	20	0.000	0	0.00								
01	H4139-49	0	0	HEXIL 2 METIL BUTIRATO	12352000	KGM	KGS.	0.000	0.000	0.00	44.00	0.00	1.000	3.000	01	4	0.00	0.00	0.000	0.000	0.000	0.000	0.000	01	01	0.000	0	0.00								
01	A7531-420	0	0	ALDEHIDO INTERLEVEN	12352000	KGM	KGS.	0.350	0.350	0.00	64.90	0.00	0.000	0.000	01	4	22.72	22.72	0.000	0.000	0.000	0.000	0.000	01	01	0.000	0	0.00								
01	O7924-100	0	0	ORIBONE	12352000	KGM	KGS.	0.000	0.000	0.00	39.17	0.00	2.000	5.000	01	4	0.00	0.00	-10.000	0.000	0.000	0.000	0.000	01	01	0.000	0	0.00								
40	20-49	0	0	UVA TIPO CR 55019/M	12352000	LTR	LTR.	0.000	0.000	0.00	12.24	6.12	15.000	20.000	40	4	0.00	0.00	0.000	0.000	0.000	0.000	0.000	01	40	0.000	0	0.00								
01	D9241-37	0	0	DORINIA	12352000	KGM	KGS.	0.000	0.000	0.00	265.00	0.00	0.000	0.000	01	4	0.00	0.00	0.000	0.000	0.000	0.000	0.000	01	01	0.000	0	0.00								
01	D3172-101	0	0	DIHIDROJASMONE	12352000	KGM	KGS.	0.000	0.000	0.00	62.50	0.00	0.000	0.000	01	4	0.00	0.00	0.000	0.000	0.000	0.000	0.000	01	01	0.000	0	0.00								
01	M3690-94	0	0	METIL PROPYL KETONE	12352000	KGM	KGS.	0.000	0.000	0.00	23.75	0.00	0.000	0.000	01	4	0.00	0.00	0.000	0.000	0.000	0.000	0.000	01	01	0.000	0	0.00								
01	C1020-9	0	0	CIS 3 HEXENIL CAPROATE	12352000	KGM	KGS.	0.000	0.000	0.00	144.40	0.00	0.000	0.000	01	4	0.00	0.00	0.000	0.000	0.000	0.000	0.000	01	01	0.000	0	0.00								
40	02-450	0	0	BOUQUET CR 11145	12352000	KGM	KGS.	0.000	0.000	0.00	19.08	9.54	1.000	5.000	40	4	0.00	0.00	0.000	0.000	0.000	0.000	0.000	01	01	0.000	0	0.00								
40	H2600-10	0	0	HELIOTROPO CR 11146	12352000	KGM	KGS.	0.000	0.000	0.00	35.50	17.75	1.000	5.000	40	4	0.00	0.00	0.000	0.000	0.000	0.000	0.000	01	01	0.000	0	0.00								
01	P6124-10	0	0	"PRECYCLEMONE ""B"""	12352000	KGM	KGS.	0.000	0.000	0.00	33.05	0.00	1.000	2.000	01	4	0.00	0.00	0.000	0.000	0.000	0.000	0.000	01	01	0.000	0	0.00								
01	T3100-20	0	0	TIMBEROL	12352000	KGM	KGS.	0.000	0.000	0.00	50.00	0.00	2.000	5.000	01	4	0.00	0.00	0.000	0.000	0.000	0.000	0.000	01	01	0.000	0	0.00								
20	M6901-10	0	0	MENTA CONCENTRADA P/VELADORAS	12352000	KGM	KGS.	0.000	0.000	0.00	32.70	16.35	1.000	5.000	20	4	0.00	0.00	0.000	0.000	0.000	0.000	0.000	01	20	0.000	0	0.00								
20	H2601-10	0	0	HERBAL BOSQUES PARA VELADORAS	12352000	KGM	KGS.	0.000	0.000	0.00	20.24	10.12	1.000	5.000	20	4	0.00	0.00	0.000	0.000	0.000	0.000	0.000	01	20	0.000	0	0.00								
20	P6201-39	0	0	PINO AROMA NAVIDAD	12352000	KGM	KGS.	0.000	0.000	0.00	35.18	17.59	1.000	5.000	20	4	0.00	0.00	0.000	0.000	0.000	0.000	0.000	01	20	0.000	0	0.00								
01	G0500-100	0	0	GALAXOLIDE BB	12352000	KGM	KGS.	0.000	0.000	0.00	8.50	0.00	0.000	0.000	01	4	0.00	0.00	0.000	0.000	0.000	0.000	0.000	00	01	0.000	0	0.00								
01	A7500-32	0	0	ALDEHIDO METIL CINAMICO	12352000	KGM	KGS.	0.000	0.000	0.00	28.25	0.00	0.000	0.000	01	4	0.00	0.00	0.000	0.000	0.000	0.000	0.000	01	01	0.000	0	0.00								
01	T2510-401	0	0	THINNER	12352000	KGM	KGS.	0.000	0.000	0.00	1.09	0.00	6.000	10.000	01	4	0.00	0.00	0.000	0.000	0.000	0.000	0.000	01	01	0.000	0	0.00								
01	H5101-34	0	0	HYACINTH BODY	12352000	KGM	KGS.	0.000	0.000	0.00	81.22	0.00	0.000	0.000	01	4	0.00	0.00	0.000	0.000	0.000	0.000	0.000	01	01	0.000	0	0.00								
01	O8231-24	0	0	OXATIANE	12352000	KGM	KGS.	0.000	0.000	0.00	640.00	0.00	0.000	0.000	01	4	0.00	0.00	0.000	0.000	0.000	0.000	0.000	01	01	0.000	0	0.00								
01	A4800-001	0	0	ALDEHDO C11 UNDECILICO	12352000	KGM	KGS.	2.470	0.000	0.00	12.50	0.00	5.000	10.000	01	4	26.31	65.79	-1.000	0.000	0.000	0.000	0.000	01	01	0.000	0	0.00								
01	P9010-30	0	0	PRUNELLA	12352000	KGM	KGS.	2.090	2.090	0.00	202.00	0.00	0.000	0.000	01	4	422.18	422.18	0.000	0.000	0.000	0.000	0.000	01	01	0.000	0	0.00								
01	L4101-20	0	0	LIMON TERPENOS DESTILADO	12352000	KGM	KGS.	0.000	0.000	0.00	3.05	3.05	5.000	10.000	01	4	0.00	0.00	0.000	0.000	0.000	0.000	0.000	01	01	0.000	0	0.00								
01	L4101-25	0	0	LIMON TERPENOS TIPO CALIFRONIA	12352000	KGM	KGS.	0.000	0.000	0.00	11.12	5.56	5.000	10.000	01	4	0.00	0.00	-60.000	0.000	0.000	0.000	0.000	01	01	0.000	0	0.00								
01	C2001-37	0	0	CEDROL CRISTALES	12352000	KGM	KGS.	0.000	0.000	0.00	45.50	0.00	1.000	5.000	01	4	0.00	136.24	-28.000	0.000	0.000	0.000	0.000	01	01	0.000	0	0.00								
20	N1021-320	0	0	NARANJA FRAGANCIA	12352000	KGM	KGS.	0.000	0.000	0.00	12.86	6.43	1.000	5.000	20	4	0.00	0.00	0.000	0.000	0.000	0.000	0.000	01	20	0.000	0	0.00								
01	I1007-39	0	0	INDOLAROME	12352000	KGM	KGS.	0.000	0.000	0.00	41.60	0.00	0.000	0.000	01	4	0.00	0.00	0.000	0.000	0.000	0.000	0.000	01	01	0.000	0	0.00								
01	A8010-329	0	0	ANIS STAR	12352000	KGM	KGM	0.000	0.000	0.00	36.00	0.00	3.000	5.000	01	4	0.00	65.00	-109.400	0.000	0.000	0.000	0.000	01	01	0.000	0	0.00								
01	I6510-291	0	0	ISOBORNILO ACETATO RESIDUOS	12352000	KGM	KGS.	0.000	0.000	0.00	1.20	0.00	0.000	0.000	01	4	0.00	0.00	0.000	0.000	0.000	0.000	0.000	01	01	0.000	0	0.00								
50	E0355	0	0			KGM	KGS.	0.000	0.000	0.00	1.84	0.00	0.000	0.000		4	0.00	0.00	0.000	0.000	0.000	0.000	0.000			0.000	0	0.00								
01	A4355-24	0	0	ALCOHOL ESTIRALILICO	12352000	KGM	KGS.	0.000	0.000	0.00	13.50	0.00	3.000	5.000	01	4	0.00	0.00	-375.000	0.000	0.000	0.000	0.000	01	01	0.000	0	0.00								
01	D3010-29	0	0	DIHYDROLINALOOL	12352000	KGM	KGS.	0.000	0.000	0.00	18.50	0.00	0.000	0.000	01	4	0.00	0.00	0.000	0.000	0.000	0.000	0.000	01	01	0.000	0	0.00								
01	U0214-32	0	0	UNDECAVERTOL	12352000	KGM	KGS.	0.000	0.000	0.00	17.33	0.00	1.000	5.000	01	4	0.00	0.00	0.000	0.000	0.000	0.000	0.000	01	01	0.000	0	0.00								
01	M4194-31	0	0	METIONAL	12352000	KGM	KGS.	0.000	0.000	0.00	99.10	0.00	0.000	0.000	01	4	0.00	0.00	0.000	0.000	0.000	0.000	0.000	01	01	0.000	0	0.00								
01	A0131-22	0	0	ACEITE BROMADO	12352000	KGM	KGS.	0.000	0.000	0.00	24.10	0.00	0.000	0.000	01	4	0.00	-495.00	0.000	0.000	0.000	0.000	0.000	01	01	0.000	0	0.00	8016-94-2	-				S		
01	C4291-429	0	0	CICLOGALBANATE	12352000	KGM	KGS.	0.000	0.000	0.00	41.70	0.00	0.000	1.000	01	4	0.00	0.00	0.000	0.000	0.000	0.000	0.000	01	01	0.000	0	0.00								
01	P5124-729	0	0	PICONIA   (ISOLONGIFOLANONE)	12352000	KGM	KGS.	0.000	0.000	0.00	22.00	0.00	0.000	0.000	01	4	0.00	0.00	0.000	0.000	0.000	0.000	0.000	01	01	0.000	0	0.00								
01	D0229-39	0	0	DAVANA OIL	12352000	KGM	KGS.	0.000	0.000	0.00	673.41	0.00	0.000	0.000	01	4	0.00	0.00	0.000	0.000	0.000	0.000	0.000	01	01	0.000	0	0.00								
01	H8207-27	0	0	HOJAS DE VIOLETA ABS.	12352000	KGM	KGS.	0.000	0.000	0.00	3432.75	0.00	0.000	0.000	01	4	0.00	0.00	0.000	0.000	0.000	0.000	0.000	01	01	0.000	0	0.00								
01	B1790-10	0	0	B H A	12352000	KGM	KGS.	0.000	0.000	0.00	31.00	0.00	10.000	25.000	01	4	0.00	0.00	0.000	0.000	0.000	0.000	0.000	01	01	0.000	0	0.00								
01	A080-100	0	0	ACIDO 2 ETIL BUTIRICO	12352000	KGM	KGS.	0.000	0.000	0.00	77.38	0.00	0.000	0.000	01	4	0.00	0.00	0.000	0.000	0.000	0.000	0.000	01	01	0.000	0	0.00								
01	B2304-910	0	0	BENCILO ISO VALERIANATO	12352000	KGM	KGS.	0.000	0.000	0.00	28.75	0.00	0.000	0.000	01	4	0.00	0.00	0.000	0.000	0.000	0.000	0.000	01	01	0.000	0	0.00								
01	C0231-4	0	0	CALONE	12352000	KGM	KGS.	0.000	0.000	0.00	218.80	0.00	0.000	0.000	01	4	0.00	0.00	-1.000	0.000	0.000	0.000	0.000	01	01	0.000	0	0.00								
01	H1201-39	0	0	SUSTITUTO DE HELI	12352000	KGM	KGS.	0.000	0.000	0.00	11.76	5.88	0.000	0.000	01	4	0.00	142.52	-134.000	0.000	0.000	0.000	0.000	01	01	0.000	0	0.00								
01	C2490-37	0	0	CEDROXIDE	12352000	KGM	KGS.	0.000	0.000	0.00	271.00	0.00	0.000	0.000	01	4	0.00	0.00	0.000	0.000	0.000	0.000	0.000	01	01	0.000	0	0.00								
01	A0559-320	0	0	ACETATO DE FENIL ETILO	12352000	KGM	KGS.	0.000	17.000	0.00	7.95	0.00	1.000	5.000	01	4	0.00	-699.23	-426.000	0.000	0.000	50.000	0.000	01	01	0.000	0	0.00	103-45-7	-			S			
01	C4107-329	0	0	CYCLOHEXYL BUTYRATE	12352000	KGM	KGS.	0.000	0.000	0.00	19.80	0.00	0.000	0.000	01	4	0.00	0.00	0.000	0.000	0.000	0.000	0.000	01	01	0.000	0	0.00								
01	A0627-15	0	0	ACETYL VALERIL	12352000	KGM	KGS.	3.210	1.950	0.00	108.90	0.00	0.000	0.000	01	4	349.57	311.46	0.000	0.000	0.000	0.000	0.000	01	01	0.000	0	0.00								
01	A0637-150	0	0	ACETYL PYRIDINE	12352000	KGM	KGS.	0.000	0.000	0.00	145.00	0.00	1.000	2.000	01	4	0.00	0.00	0.000	0.000	0.000	0.000	0.000	01	01	0.000	0	0.00								
01	P5432-24	0	0	PYRUVIC ACID	12352000	KGM	KGS.	0.000	0.000	0.00	230.00	0.00	0.000	0.000	01	4	0.00	0.00	-5.000	0.000	0.000	0.000	0.000	01	01	0.000	0	0.00								
01	P1532-241	0	0	PALMITIC ACID	12352000	KGM	KGS.	1.380	1.380	0.00	4.50	0.00	5.000	10.000	01	4	6.21	6.21	0.000	0.000	0.000	0.000	0.000	01	01	0.000	0	0.00								
01	A1539-27	0	0			KGM	KGS.	0.000	0.000	0.00	0.00	0.00	0.000	0.000	01	4	0.00	0.00	0.000	0.000	0.000	0.000	0.000			0.000	0	0.00								
01	G1607-321	0	0	GAMMA BUTIROLACTONA	12352000	KGM	KGS.	0.000	0.000	0.00	22.50	0.00	15.000	20.000	01	4	0.00	0.00	0.000	0.000	0.000	0.000	0.000	01	01	0.000	0	0.00								
01	E5049-32	0	0	ETHYL LINALOOL	12352000	KGM	KGS.	0.000	0.000	0.00	33.70	0.00	0.000	0.000	01	4	0.00	0.00	0.000	0.000	0.000	0.000	0.000	01	01	0.000	0	0.00								
01	D4217-329	0	0	DIMETHYL PIRAZINE  2-5	12352000	KGM	KGS.	0.000	0.000	0.00	422.60	0.00	0.000	0.000	01	4	0.00	0.00	0.000	0.000	0.000	0.000	0.000	01	01	0.000	0	0.00								
20	U3729-84	0	0	UVA AG 3583 FRAGANCIA (RAISIN)	12352000	KGM	KGS.	0.000	0.000	0.00	15.00	0.00	1.000	5.000	20	4	0.00	0.00	0.000	0.000	0.000	0.000	0.000	01	20	0.000	0	0.00								
20	C8479-47	0	0	CLAVEL AG 10094/E  (OIELLET) FRAGANCIA	12352000	KGM	KGS.	0.000	0.000	0.00	14.81	0.00	1.000	5.000	20	4	0.00	0.00	0.000	0.000	0.000	0.000	0.000	01	20	0.000	0	0.00								
20	F8410-47	0	0	FRESA FRAGANCIA AG 3506 (FRAISE)	12352000	KGM	KGS.	0.000	0.000	0.00	14.81	0.00	1.000	5.000	20	4	0.00	0.00	0.000	0.000	0.000	0.000	0.000	01	20	0.000	0	0.00								
01	C9609-71	0	0	CLAVO TALLOS AC. ESC.	12352000	KGM	KGS.	0.000	0.000	0.00	10.30	0.00	0.000	0.000	01	4	0.00	0.00	0.000	0.000	0.000	0.000	0.000	01	01	0.000	0	0.00								
01	A0401-94	0	0	ACETAL CD	12352000	KGM	KGS.	0.000	0.000	0.00	93.15	0.00	1.000	5.000	01	4	0.00	0.00	0.000	0.000	0.000	0.000	0.000	01	01	0.000	0	0.00								
01	B9421-4	0	0	BUCHU LEAF OIL	12352000	KGM	KGS.	0.000	0.000	0.00	940.00	0.00	0.000	1.000	01	4	0.00	0.00	-4.500	0.000	0.000	0.000	0.000	01	01	0.000	0	0.00								
31	P5232-98	0	0	POLO SPORT DAMA  QST	12352000	KGM	KGS.	0.000	0.000	0.00	66.00	0.00	1.000	5.000	31	4	0.00	0.00	0.000	0.000	0.000	0.000	0.000	01	31	0.000	0	0.00								
31	T7127-8	0	0	TOMY CAB. V107479	12352000	KGM	KGS.	0.000	0.000	0.00	64.00	0.00	1.000	5.000	31	4	0.00	0.00	0.000	0.000	0.000	0.000	0.000	01	01	0.000	0	0.00								
31	M9739-4	0	0	MINOTAURO CAB . QST Y057759	12352000	KGM	KGS.	0.000	0.000	0.00	66.00	0.00	1.000	5.000	31	4	0.00	0.00	0.000	0.000	0.000	0.000	0.000	01	31	0.000	0	0.00								
21	M0831-47	0	0	MANZANILLA QST REV. V059069	12352000	KGM	KGS.	0.000	0.000	0.00	17.00	0.00	1.000	5.000	21	4	0.00	0.00	0.000	0.000	0.000	0.000	0.000	01	31	0.000	0	0.00								
01	A0551-180	0	0	ACETATO 09	12352000	KGM	KGS.	0.000	0.000	0.00	35.00	0.00	1.000	5.000	01	4	0.00	0.00	0.000	0.000	0.000	0.000	0.000	01	01	0.000	0	0.00								
31	P5132-98	0	0	POLO SPORT DAMA QST D242174	12352000	KGM	KGS.	0.000	0.000	0.00	66.00	0.00	1.000	5.000	31	4	0.00	0.00	0.000	0.000	0.000	0.000	0.000	01	31	0.000	0	0.00								
31	P5132-87	0	0	POLO CABALLERO QST D251499	12352000	KGM	KGS.	0.000	0.000	0.00	61.00	0.00	1.000	5.000	31	4	0.00	0.00	0.000	0.000	0.000	0.000	0.000	01	31	0.000	0	0.00								
20	L4527-21	0	0	LIMON SOLUBLE AL AGUA P-CHEST.	12352000	KGM	KGS.	0.000	0.000	0.00	18.68	9.34	1.000	5.000	20	4	0.00	0.00	0.000	0.000	0.000	0.000	0.000	01	20	0.000	0	0.00								
01	A7596-32	0	0	AMYL CAPROATO ISO	12352000	KGM	KGS.	0.000	0.000	0.00	10.45	0.00	15.000	20.000	01	4	0.00	0.00	0.000	0.000	0.000	0.000	0.000	01	01	0.000	0	0.00								
01	M1407-31	0	0	MENTA PIPERITA AC.ESC.	12352000	KGM	KGS.	0.000	0.000	0.00	24.00	0.00	15.000	20.000	01	4	0.00	0.00	-2.000	0.000	0.000	0.000	0.000	01	01	0.000	0	0.00								
01	P9010-320	0	0	PROPIONATO DE FENIL ETILO	12352000	KGM	KGS.	0.000	0.000	0.00	9.50	0.00	0.500	1.000	01	4	0.00	0.00	0.000	0.000	0.000	0.000	0.000	01	01	0.000	0	0.00								
01	A0562-551	0	0	ACETATO DE FENCHILO	12352000	KGM	KGS.	0.000	0.000	0.00	22.09	0.00	1.000	5.000	01	4	0.00	0.00	-4.000	0.000	0.000	0.000	0.000	01	01	0.000	0	0.00								
01	A0027-39	0	0	AC.ESC. ANGELICA SEMILLAS	12352000	KGM	KGS.	0.000	0.000	0.00	924.73	0.00	0.000	0.000	01	4	0.00	0.00	0.000	0.000	0.000	0.000	0.000	01	01	0.000	0	0.00								
01	T0137-39	0	0	TABAC ABS	12352000	KGM	KGS.	0.000	0.000	0.00	263.50	0.00	0.000	0.000	01	4	0.00	0.00	0.000	0.000	0.000	0.000	0.000	01	01	0.000	0	0.00								
01	M0731-27	0	0	MAYOL	12352000	KGM	KGS.	0.000	0.000	0.00	90.00	0.00	0.000	0.000	01	4	0.00	0.00	0.000	0.000	0.000	0.000	0.000	01	01	0.000	0	0.00								
01	V4601-37	0	0	VALERIANATO DE FENIL ETILO	12352000	KGM	KGS.	0.000	0.000	0.00	15.60	0.00	0.500	1.000	01	4	0.00	0.00	0.000	0.000	0.000	0.000	0.000	01	01	0.000	0	0.00								
20	E0271-32	0	0	ETERNITI PARA VELAS	12352000	KGM	KGS.	0.000	0.000	0.00	103.30	51.65	1.000	5.000	20	4	0.00	0.00	0.000	0.000	0.000	0.000	0.000	1	20	0.000	0	0.00								
20	J3029-1	0	0	JOVAN PARA VELAS	12352000	KGM	KGS.	0.000	0.000	0.00	64.00	32.00	1.000	5.000	20	4	0.00	0.00	0.000	0.000	0.000	0.000	0.000	1	20	0.000	0	0.00								
20	P8124-7	0	0	POLO PARA VELAS	12352000	KGM	KGS.	0.000	0.000	0.00	91.94	45.97	1.000	5.000	20	4	0.00	0.00	0.000	0.000	0.000	0.000	0.000	1	20	0.000	0	0.00								
20	T0127-2	0	0	TABACO PARA VELAS	12352000	KGM	KGS.	0.000	0.000	0.00	177.32	88.66	1.000	5.000	20	4	0.00	0.00	0.000	0.000	0.000	0.000	0.000	1	20	0.000	0	0.00								
40	02-22	0	0	BASE D.L. 5832	12352000	KGM	KGS.	0.000	0.000	0.00	97.74	48.87	1.000	5.000	40	4	0.00	0.00	0.000	0.000	0.000	0.000	0.000	1	40	0.000	0	0.00								
40	04-98	0	0	CORPS 98 N.F.	12352000	KGM	KGS.	0.000	0.000	0.00	7.78	3.89	1.000	5.000	40	4	0.00	0.00	0.000	0.000	0.000	0.000	0.000	1	40	0.000	0	0.00								
40	14-09-1	0	0	MUGUET 1612 R.H.T	12352000	KGM	KGS.	0.000	0.000	0.00	50.16	25.08	1.000	5.000	40	4	0.00	0.00	0.000	0.000	0.000	0.000	0.000	1	40	0.000	0	0.00								
01	L8801	0	0	LUMIGEL  (PARAFINA EN GEL)	12352000	KGM	KGS.	0.000	0.000	0.00	2.63	0.00	0.000	0.000	01	4	0.00	0.00	0.000	0.000	0.000	0.000	0.000	01	01	0.000	0	0.00								
01	G1607-729	0	0	GAMMA VALEROLACTONA	12352000	KGM	KGS.	0.000	0.000	0.00	27.45	0.00	0.500	1.000	01	4	0.00	0.00	-7.000	0.000	0.000	0.000	0.000	01	01	0.000	0	0.00								
01	B7107-21	0	0	BENZYL LAURATE	12352000	KGM	KGS.	0.000	0.000	0.00	120.50	0.00	0.000	0.000	01	4	0.00	0.00	0.000	0.000	0.000	0.000	0.000	01	01	0.000	0	0.00								
01	F9801-325	0	0	FURANEOL AL 15%	12352000	KGM	KGS.	0.000	0.000	0.00	41.52	20.76	0.000	0.000	01	4	0.00	0.00	0.000	0.000	0.000	0.000	0.000	09	10	0.000	0	0.00								
20	T0010-29	0	0	TULIPAN FRAGANCIA TIPO  (FORM.409)	12352000	KGM	KGS.	0.000	0.000	0.00	25.38	12.69	1.000	5.000	20	4	0.00	0.00	0.000	0.000	0.000	0.000	0.000	01	20	0.000	0	0.00								
40	01-631	0	0	ALDEHIDO FENIL ACETICO EN DEP  10%	12352000	KGM	KGS.	0.000	0.000	0.00	0.82	0.41	1.000	5.000	40	4	0.00	0.00	0.000	0.000	0.000	0.000	0.000	01	40	0.000	0	0.00								
01	T1009-74	0	0	TERPENOS DE CLAVO	12352000	KGM	KGS.	0.000	0.000	0.00	2.00	0.00	0.000	0.000	01	4	0.00	0.00	0.000	0.000	0.000	0.000	0.000	01	01	0.000	0	0.00								
40	11-01-7	0	0	JACINTO CR 11360	12352000	KGM	KGS.	0.000	0.000	0.00	8.94	4.47	1.000	5.000	40	4	0.00	0.00	0.000	0.000	0.000	0.000	0.000	40	40	0.000	0	0.00								
20	M0700-100	0	0	MANZANA CONC.P/VELADORAS	12352000	KGM	KGS.	0.000	0.000	0.00	18.18	9.09	1.000	5.000	20	4	0.00	0.00	0.000	0.000	0.000	0.000	0.000	01	20	0.000	0	0.00								
31	J2931-70	0	0	JOVAN FRAGANCIA BASE	12352000	KGM	KGS.	0.000	0.000	0.00	56.70	0.00	1.000	5.000	31	4	0.00	0.00	0.000	0.000	0.000	0.000	0.000	01	31	0.000	0	0.00								
01	D0210-71	0	0	DELTA NONALACTONA	12352000	KGM	KGS.	0.000	0.000	0.00	319.90	0.00	0.000	0.000	01	4	0.00	0.00	0.000	0.000	0.000	0.000	0.000	01	01	0.000	0	0.00								
20	S3601-74	0	0	SANDIA PARA CREMA	12352000	KGM	KGS.	0.000	0.000	0.00	36.90	18.45	1.000	5.000	20	4	0.00	0.00	0.000	0.000	0.000	0.000	0.000	01	20	0.000	0	0.00								
31	T7127-89	0	0	TOMMY GIRL FRAGANCIA TIPO	12352000	KGM	KGS.	0.000	0.000	0.00	43.40	0.00	1.000	5.000	31	4	0.00	0.00	0.000	0.000	0.000	-0.200	0.000	90	31	0.000	0	0.00								
31	A3124-190	0	0	ANIMALE FRAGANCIA TIPO	12352000	KGM	KGS.	0.000	0.000	0.00	66.00	0.00	1.000	5.000	31	4	0.00	0.00	0.000	0.000	0.000	0.000	0.000	01	31	0.000	0	0.00								
31	F2714-31	0	0	FARENHEIT FRAGANCIA TIPO	12352000	KGM	KGS.	0.000	0.000	0.00	66.00	0.00	1.000	5.000	31	4	0.00	0.00	0.000	0.000	0.000	0.000	0.000	01	31	0.000	0	0.00								
21	L3174-92	0	0	PASTA LIMON FRAGANCIA BASE TIPO AG	12352000	KGM	KGS.	0.000	0.000	0.00	12.00	0.00	1.000	5.000	21	4	0.00	0.00	0.000	0.000	0.000	0.000	0.000	01	21	0.000	0	0.00								
21	S7134-91	0	0	SUAVISOFTNER FRAGANCIA BASE TIPO	12352000	KGM	KGS.	0.000	0.000	0.00	0.00	0.00	0.000	5.000	21	4	0.00	0.00	0.000	0.000	0.000	0.000	0.000	01	21	0.000	0	0.00								
21	L3170-90	0	0	LIMON FRAGANCIA BASE	12352000	KGM	KGS.	0.000	0.000	0.00	13.00	0.00	1.000	5.000	21	4	0.00	0.00	0.000	0.000	0.000	0.000	0.000	01	21	0.000	0	0.00								
21	M2070-94	0	0	MUSK AMONICHLIMON FRAGANCIA BASE	12352000	KGM	KGS.	0.000	0.000	0.00	13.00	0.00	1.000	5.000	21	4	0.00	0.00	0.000	0.000	0.000	0.000	0.000	01	21	0.000	0	0.00								
21	T7147-31	0	0	TRIGO Y MIEL FRAGANCIA BASE	12352000	KGM	KGS.	0.000	0.000	0.00	13.00	0.00	1.000	5.000	21	4	0.00	0.00	0.000	0.000	0.000	0.000	0.000	01	21	0.000	0	0.00								
21	H9471-40	0	0	HERBAL ESSENCE FRAGANCIA BASE	12352000	KGM	KGS.	0.000	0.000	0.00	16.00	0.00	1.000	5.000	21	4	0.00	0.00	0.000	0.000	0.000	0.000	0.000	01	21	0.000	0	0.00								
21	P3170-47	0	0	PANTONE SHAMPOO FRAGANCIA BASE	12352000	KGM	KGS.	0.000	0.000	0.00	15.00	0.00	1.000	5.000	21	4	0.00	0.00	0.000	0.000	0.000	0.000	0.000	01	21	0.000	0	0.00								
21	H9491-32	0	0	HERBAL TIMOTELLSH FRAGANCIA BASE	12352000	KGM	KGS.	0.000	0.000	0.00	20.00	0.00	1.000	5.000	21	4	0.00	0.00	0.000	0.000	0.000	0.000	0.000	01	21	0.000	0	0.00								
01	A0984-31	0	0	ACIDO TANICO	12352000	KGM	KGS.	0.000	0.000	0.00	58.22	0.00	1.000	5.000	01	4	0.00	0.00	0.000	0.000	0.000	0.000	0.000	01	01	0.000	0	0.00								
31	C7950-24	0	0	CHANEL 19  (CHALLENGE 10609/H)	12352000	KGM	KGS.	0.000	0.000	0.00	68.00	0.00	1.000	5.000	31	4	0.00	0.00	0.000	0.000	0.000	0.000	0.000	01	31	0.000	0	0.00								
31	U2781-4	0	0	UNGARO II  (GALOPIN SEC 11154/C)	12352000	KGM	KGS.	0.000	0.000	0.00	85.00	0.00	1.000	5.000	31	4	0.00	0.00	0.000	0.000	0.000	0.000	0.000	01	31	0.000	0	0.00								
01	E4300-10	0	0	ETIL METIL CETONA	12352000	KGM	KGS.	0.000	0.000	0.00	2.09	0.00	1.000	3.000	01	4	0.00	0.00	0.000	0.000	0.000	0.000	0.000	01	01	0.000	0	0.00								
01	T6507-24	0	0	TRANS 2 HEXENOIC ACID.	12352000	KGM	KGS.	0.000	0.000	0.00	152.80	0.00	0.000	0.000	01	4	0.00	0.00	0.000	0.000	0.000	0.000	0.000	01	01	0.000	0	0.00								
31	G0732-41	0	0	GREY FLANEL  (FRANELA GRIS)	12352000	KGM	KGS.	0.000	0.000	0.00	77.17	0.00	1.000	5.000	31	4	0.00	0.00	0.000	0.000	0.000	0.000	0.000	01	01	0.000	0	0.00								
01	G1608-39	0	0	GALBIFLEX	12352000	KGM	KGS.	0.000	0.000	0.00	36.70	0.00	0.000	0.000	01	4	0.00	0.00	0.000	0.000	0.000	0.000	0.000	01	01	0.000	0	0.00								
01	A0917-34	0	0	ACIDO OLEICO	12352000	KGM	KGS.	0.000	0.000	0.00	6.90	0.00	1.000	5.000	01	4	0.00	0.00	-2160.000	0.000	0.000	0.000	0.000	01	01	0.000	0	0.00								
01	A0927-391	0	0	ACIDO CITRICO GRANULADO	12352000	KGM	KGS.	0.000	0.000	0.00	1.75	0.00	0.000	0.000	01	4	0.00	0.00	0.000	0.000	0.000	0.000	0.000	01	01	0.000	0	0.00								
01	C0717-39	0	0	CARBONATO DE MAGNESIO EXTRA LIGERO	12352000	KGM	KGS.	0.000	0.000	0.00	2.61	0.00	1.000	5.000	01	4	0.00	0.00	0.000	0.000	0.000	0.000	0.000	01	01	0.000	0	0.00								
01	T3107-91	0	0	THIOMENTONE	12352000	KGM	KGS.	0.000	0.000	0.00	765.00	0.00	0.000	0.000	01	4	0.00	762.64	-3.000	0.000	0.000	0.000	0.000	01	01	0.000	0	0.00								
01	D2507-94	0	0	DIHYDRO BETA IONONE	12352000	KGM	KGS.	0.000	0.000	0.00	144.90	0.00	0.000	0.000	01	4	0.00	0.00	0.000	0.000	0.000	0.000	0.000	01	01	0.000	0	0.00								
01	A0801-310	0	0	ACIDO BENZOICO	12352000	KGM	KGS.	0.000	0.000	0.00	1.63	0.00	0.000	0.000	01	4	0.00	0.00	0.000	0.000	0.000	0.000	0.000	01	01	0.000	0	0.00								
20	A0727	0	0	ANIS ESENCIA (M.K.)	12352000	KGM	KGS.	0.000	0.000	0.00	30.68	15.34	1.000	5.000	20	4	0.00	0.00	0.000	0.000	0.000	0.000	0.000	01	01	0.000	0	0.00								
01	A0801-100	0	0	2 METHYL 3 (5/6)METOXY PIRAZINA	12352000	KGM	KGS.	0.000	0.000	0.00	1379.90	0.00	0.000	0.000	01	4	0.00	0.00	0.000	0.000	0.000	0.000	0.000	01	01	0.000	0	0.00								
01	A7500-34	0	0	ALDEHYDE MANDARINA	12352000	KGM	KGS.	0.000	0.000	0.00	323.00	0.00	0.000	0.000	01	4	0.00	0.00	0.000	0.000	0.000	0.000	0.000	01	01	0.000	0	0.00								
01	D0201-370	0	0	DAMASCENONE	12352000	KGM	KGS.	0.000	0.000	0.00	700.00	0.00	0.000	0.000	01	4	0.00	0.00	0.000	0.000	0.000	0.000	0.000	01	01	0.000	0	0.00								
01	G1507-94	0	0	GALBEX	12352000	KGM	KGS.	0.000	0.000	0.00	179.00	0.00	1.000	5.000	01	4	0.00	0.00	0.000	0.000	0.000	0.000	0.000	01	01	0.000	0	0.00								
01	T2807-947	0	0	TRANS 2 CIS 3 NONADIENAL	12352000	KGM	KGS.	0.000	0.000	0.00	1.00	0.00	0.000	0.000	01	4	0.00	0.00	0.000	0.000	0.000	0.000	0.000	01	01	0.000	0	0.00								
01	M0400-74	0	0	MANDARINA TERPENOS	12352000	KGM	KGS.	0.000	0.000	0.00	8.50	0.00	1.000	5.000	01	4	0.00	0.00	0.000	0.000	0.000	0.000	0.000	01	01	0.000	0	0.00								
01	T6200-721	0	0	TORONJA TERPENOS	12352000	KGM	KGS.	0.000	0.000	0.00	7.50	0.00	0.000	0.000	01	4	0.00	0.00	0.000	0.000	0.000	0.000	0.000	09	01	0.000	0	0.00								
41	M2712	0	0	SABOR MENTA	12352000	KGM	KGS.	0.000	0.000	0.00	22.76	11.38	1.000	5.000	41	4	0.00	0.00	0.000	0.000	0.000	0.000	0.000	01	40	0.000	0	0.00								
41	22317-8	0	0	SABOR YERBABUENA	12352000	KGM	KGS.	0.000	0.000	0.00	15.06	7.53	1.000	5.000	41	4	0.00	0.00	0.000	0.000	0.000	0.000	0.000	01	40	0.000	0	0.00								
01	A7520-649	0	0	AMYL CAPRILATO	12352000	KGM	KGS.	0.000	0.000	0.00	33.95	0.00	0.000	0.000	01	4	0.00	0.00	0.000	0.000	0.000	0.000	0.000	01	01	0.000	0	0.00								
01	A8100-475	0	0	ALCOHOL ANISICO	12352000	KGM	KGS.	0.000	0.000	0.00	32.97	0.00	0.500	1.000	01	4	0.00	0.00	0.000	0.000	0.000	0.000	0.000	09	01	0.000	0	0.00								
50	P7594-791	0	0	PAPEL FILTRO 100X100  25 MICRAS FYA1800	12352000	KGM	KGS.	0.000	0.000	0.00	0.29	0.00	0.000	5.000	50	4	0.00	0.00	0.000	0.000	0.000	0.000	0.000	50	01	0.000	0	0.00								
01	C9617-271	0	0	COSTUS OLIFFAC	12352000	KGM	KGS.	0.000	0.000	0.00	524.00	0.00	0.000	0.000	01	4	0.00	0.00	0.000	0.000	0.000	0.000	0.000	01	01	0.000	0	0.00								
20	M6527-320	0	0	MED 021 FRAGANCIA TIPO	12352000	KGM	KGS.	0.000	0.000	0.00	25.82	12.91	1.000	5.000	20	4	0.00	0.00	0.000	0.000	0.000	0.000	0.000	01	20	0.000	0	0.00								
01	A7592-398	0	0	AC.ESC. ALMENDRAS AMARGAS	12352000	KGM	KGS.	0.000	0.000	0.00	29.95	0.00	0.000	0.000	01	4	0.00	0.00	0.000	0.000	0.000	0.000	0.000	01	01	0.000	0	0.00								
01	D3194-320	0	0	DIMETICOMA AG35	12352000	KGM	KGS.	0.000	0.000	0.00	3.30	0.00	0.000	0.000	01	4	0.00	0.00	0.000	0.000	0.000	0.000	0.000	01	01	0.000	0	0.00								
01	C5694-740	0	0	CIS 6 NONENOL	12352000	KGM	KGS.	0.000	0.000	0.00	1138.50	0.00	0.000	0.000	01	4	0.00	0.00	0.000	0.000	0.000	0.000	0.000	01	01	0.000	0	0.00								
01	D0279-192	0	0	DELTA DAMASCONE	12352000	KGM	KGS.	0.000	0.000	0.00	95.00	0.00	0.000	0.000	01	4	0.00	0.00	0.000	0.000	0.000	-1.000	0.000	01	01	0.000	0	0.00								
01	P5139-729	0	0	PLICATONE	12352000	KGM	KGS.	0.000	0.000	0.00	193.64	0.00	0.000	0.000	01	4	0.00	0.00	0.000	0.000	0.000	0.000	0.000	01	01	0.000	0	0.00								
41	A9841-709	0	0	AVELLANA SABOR	12352000	KGM	KGS.	0.000	0.000	0.00	15.45	0.00	1.000	5.000	41	4	0.00	0.00	0.000	0.000	0.000	0.000	0.000	01	41	0.000	0	0.00								
01	I3706-792	0	0	ISO BUTIRATO DE ISO BORNILO	12352000	KGM	KGS.	0.000	0.000	0.00	12.50	0.00	0.000	0.000	01	4	0.00	0.00	0.000	0.000	0.000	0.000	0.000	01	01	0.000	0	0.00								
01	A7109-32	0	0	AMBROX DL  (909120=	12352000	KGM	KGS.	0.000	0.000	0.00	751.00	0.00	0.000	1.000	01	4	0.00	0.00	0.000	0.000	0.000	0.000	0.000	01	01	0.000	0	0.00								
01	C6900-329	0	0	CITRONELA RESIDUOS	12352000	KGM	KGS.	0.000	0.000	0.00	2.76	0.00	0.000	0.000	01	4	0.00	0.00	0.000	0.000	0.000	0.000	0.000	01	01	0.000	0	0.00								
01	H4739-291	0	0	HEXILENGLICOL	12352000	KGM	KGS.	0.000	0.000	0.00	3.82	0.00	3.000	5.000	01	4	0.00	0.00	0.000	0.000	0.000	0.000	0.000	01	01	0.000	0	0.00								
10	L9521-719	0	0	LIMA LIMON AROMATIZANTE C.W.	12352000	KGM	KGS.	0.000	0.000	0.00	2.76	1.38	1.000	100.000	10	4	0.00	0.00	0.000	0.000	0.000	0.000	0.000	10	01	0.000	0	0.00								
50	S7920-179	0	0	"SELLOS DE SEGURIDAD DE 2"""	12352000	KGM	KGS.	0.000	0.000	0.00	0.22	0.00	1.000	100.000	50	4	0.00	0.00	0.000	0.000	0.000	0.000	0.000	50	50	0.000	0	0.00								
50	S7921-180	0	0	"SELLOS DE SEGURIDAD DE 3/4"""	12352000	KGM	KGS.	0.000	0.000	0.00	0.15	0.00	1.000	200.000	50	4	0.00	0.00	0.000	0.000	0.000	0.000	0.000	50	50	0.000	0	0.00								
01	N5132-429	0	0	NEOFLORAL O FLOROL	12352000	KGM	KGS.	0.000	0.000	0.00	75.00	0.00	0.000	0.000	01	4	0.00	0.00	0.000	0.000	0.000	0.000	0.000	01	01	0.000	0	0.00								
01	H5227-491	0	0	"HIDROCARBO RESIN ""B"""	12352000	KGM	KGS.	0.000	0.000	0.00	786.00	0.00	0.000	0.000	01	4	0.00	0.00	0.000	0.000	0.000	0.000	0.000	01	01	0.000	0	0.00								
01	T6692-912	0	0	TRIDECEN 2 NITRILE	12352000	KGM	KGS.	0.000	0.000	0.00	259.10	0.00	0.000	0.000	01	4	0.00	0.00	0.000	0.000	0.000	0.000	0.000	01	01	0.000	0	0.00								
01	I7507-931	0	0	ISOPROPYL QUINOLEINE	12352000	KGM	KGS.	0.000	0.000	0.00	465.70	0.00	0.000	0.000	01	4	0.00	0.00	0.000	0.000	0.000	0.000	0.000	01	01	0.000	0	0.00								
01	C9600-391	0	0	CLOROFILA A LA GRASA	12352000	KGM	KGS.	0.000	0.000	0.00	6.93	0.00	1.000	5.000	01	4	0.00	0.00	0.000	0.000	0.000	0.000	0.000	01	01	0.000	0	0.00								
01	I2107-491	0	0	IRONE ALFA	12352000	KGM	KGS.	0.000	0.000	0.00	1195.50	0.00	0.000	0.000	01	4	0.00	0.00	0.000	0.000	0.000	0.000	0.000	01	01	0.000	0	0.00								
01	S1207-147	0	0	SALICILATO DE FENIL ETILO	12352000	KGM	KGS.	0.000	0.000	0.00	42.90	0.00	1.000	2.000	01	4	0.00	0.00	0.000	0.000	0.000	0.000	0.000	01	01	0.000	0	0.00								
01	F8201-719	0	0	FRATONILE	12352000	KGM	KGS.	0.000	0.000	0.00	105.00	0.00	0.000	0.000	01	4	0.00	0.00	0.000	0.000	0.000	0.000	0.000	01	01	0.000	0	0.00								
01	F8294-149	0	0	FRESCILE	12352000	KGM	KGS.	7.250	7.240	0.00	85.90	0.00	0.000	0.000	01	4	622.78	621.92	0.000	0.000	0.000	0.000	0.000	01	01	0.000	0	0.00								
01	P4491-279	0	0	PETILIME	12352000	KGM	KGS.	4.340	4.340	0.00	46.00	0.00	0.000	0.000	01	4	199.64	199.64	0.000	0.000	0.000	0.000	0.000	01	01	0.000	0	0.00								
01	H0107-919	0	0	HABANOLIDE	12352000	KGM	KGS.	0.000	0.000	0.00	102.00	0.00	0.000	0.000	01	4	0.00	0.00	0.000	0.000	0.000	0.000	0.000	01	01	0.000	0	0.00								
01	C7930-791	0	0	CLAVO RECTIFICADO SE USA SI HAY MEZCLA	12352000	KGM	KGM.	0.000	0.000	0.00	0.00	37.73	0.000	0.000	01	4	0.00	-176.52	-263.200	0.000	0.000	0.000	0.000	01	F1	0.000	0	0.00								
20	M5709-319	0	0	MIEL ESENCIA TIPO AG 01	12352000	KGM	KGS.	0.000	0.000	0.00	7.20	3.60	1.000	10.000	20	4	0.00	0.00	0.000	0.000	0.000	0.000	0.000	20	20	0.000	0	0.00								
22	C2510	0	0	CELERID OIL APIO 10% DEP	12352000	KGM	KGS.	0.000	0.000	0.00	0.00	0.00	1.000	1.500	22	4	0.00	0.00	0.000	0.000	0.000	0.000	0.000	22	22	0.000	0	0.00								
01	B5000-100	0	0	BENCILICO ALCOHOL TECNICO	12352000	KGM	KGM	0.000	0.000	0.00	3.74	0.00	420.000	630.000	01	4	0.00	80.00	-44058.000	0.000	0.000	50.000	0.000	01	01	0.000	0	0.00	100 51 6							
01	P5107-902	0	0	PIMIENTO BERRY/BAYAS DE PIMIENTO	12352000	KGM	KGS.	0.000	0.000	0.00	193.20	0.00	0.000	0.000	01	4	0.00	0.00	0.000	0.000	0.000	0.000	0.000	01	01	0.000	0	0.00								
01	A0920-194	0	0	ACIDO PIROLEÑOSO /PYROLIGNEOUS ACID	12352000	KGM	KGS.	0.000	0.000	0.00	8.20	0.00	0.000	0.000	01	4	0.00	0.00	0.000	0.000	0.000	0.000	0.000	01	01	0.000	0	0.00								
01	L1069-314	0	0	LACTATO DE CIS 3 HEXENILO	12352000	KGM	KGS.	0.000	0.000	0.00	249.50	0.00	0.000	0.000	01	4	0.00	0.00	0.000	0.000	0.000	0.000	0.000	00	10	0.000	0	0.00								
01	C0931-749	0	0	CASSIA BASE	12352000	KGM	KGS.	0.000	0.000	0.00	237.00	0.00	1.000	5.000	01	4	0.00	0.00	0.000	0.000	0.000	0.000	0.000	01	01	0.000	0	0.00								
01	P5271-192	0	0	PLINOL EXTRA	12352000	KGM	KGS.	0.000	0.000	0.00	8.60	0.00	0.000	0.000	01	4	0.00	0.00	0.000	0.000	0.000	0.000	0.000	01	01	0.000	0	0.00								
01	I9107-421	0	0	ISO PULEGOL	12352000	KGM	KGS.	0.000	0.000	0.00	44.10	0.00	0.500	1.000	01	4	0.00	0.00	0.000	0.000	0.000	0.000	0.000	01	01	0.000	0	0.00								
01	V4460-317	0	0	VELOUTONE	12352000	KGM	KGS.	0.000	0.000	0.00	204.00	0.00	0.000	0.000	01	4	0.00	0.00	0.000	0.000	0.000	0.000	0.000	01	01	0.000	0	0.00								
01	D4220-741	0	0	"2 ETIL 3,5 DIMETHYL PIRAZINE"	12352000	KGM	KGS.	0.000	0.000	0.00	497.50	0.00	0.000	0.000	01	4	0.00	0.00	0.000	0.000	0.000	0.000	0.000	01	01	0.000	0	0.00								
01	A7351-100	0	0	ALCOHOL ISO AMILICO	12352000	KGM	KGM	0.000	0.000	0.00	13.92	0.00	10.000	20.000	01	4	0.00	1259.04	-1241.500	0.000	0.000	0.000	0.000	01	01	0.000	0	0.00	123-51-3	1105						
01	N6212-310	0	0	NONANOIC ACID  (ACIDO C9)	12352000	KGM	KGS.	0.000	0.000	0.00	9.00	0.00	1.000	2.000	01	4	0.00	0.00	-1080.000	0.000	0.000	0.000	0.000	01	01	0.000	0	0.00								
01	A7110-321	0	0	AMBER CARE	12352000	KGM	KGS.	0.000	0.000	0.00	166.25	0.00	0.000	1.000	01	4	0.00	0.00	0.000	0.000	0.000	0.000	0.000	01	01	0.000	0	0.00								
20	L4210-172	0	0	LIMON PARA CLORO	12352000	KGM	KGS.	0.000	0.000	0.00	30.18	15.09	1.000	5.000	20	4	0.00	0.00	0.000	0.000	0.000	0.000	0.000	01	01	0.000	0	0.00								
01	C9610-371	0	0	CLAVO BOURBON AC.ESC.	12352000	KGM	KGS.	0.000	0.000	0.00	75.00	0.00	0.000	0.000	01	4	0.00	0.00	0.000	0.000	0.000	0.000	0.000	01	01	0.000	0	0.00								
01	A0931-291	0	0	ACIDO MALICO	12352000	KGM	KGS.	0.000	0.000	0.00	2.02	0.00	0.000	0.000	01	4	0.00	0.00	0.000	0.000	0.000	0.000	0.000	01	01	0.000	0	0.00								
01	O8731-492	0	0	OSYROL	12352000	KGM	KGS.	0.000	0.000	0.00	102.00	0.00	0.000	0.000	01	4	0.00	0.00	0.000	0.000	0.000	0.000	0.000	01	01	0.000	0	0.00								
01	G8971-741	0	0	GYVESCONE	12352000	KGM	KGS.	0.000	0.000	0.00	118.70	0.00	0.000	0.000	01	4	0.00	0.00	0.000	0.000	0.000	0.000	0.000	01	01	0.000	0	0.00								
01	F2601-709	0	0	FENOXI ETANOL (ALC.FENOXI ETILO)	12352000	KGM	KGS.	0.000	0.000	0.00	6.95	0.00	0.000	0.000	01	4	0.00	0.00	0.000	0.000	0.000	0.000	0.000	01	01	0.000	0	0.00								
01	M2410-391	0	0	METIL FENIL ETIL ETHER	12352000	KGM	KGS.	0.000	0.000	0.00	17.10	0.00	0.000	0.000	01	4	0.00	0.00	0.000	0.000	0.000	0.000	0.000	10	01	0.000	0	0.00								
01	E0137-491	0	0	EBANOL	12352000	KGM	KGS.	0.000	0.000	0.00	215.94	0.00	0.000	0.000	01	4	0.00	0.00	0.000	0.000	0.000	0.000	0.000	01	01	0.000	0	0.00								
01	M3531-792	0	0	METIL PAWPLEMOUSSE	12352000	KGM	KGS.	0.000	0.000	0.00	137.50	0.00	0.000	0.000	01	4	0.00	0.00	0.000	0.000	0.000	0.000	0.000	01	01	0.000	0	0.00								
01	L5209-471	0	0	LINALILO CINAMATO	12352000	KGM	KGS.	0.000	0.000	0.00	323.90	0.00	0.000	0.000	01	4	0.00	0.00	0.000	0.000	0.000	0.000	0.000	01	01	0.000	0	0.00								
01	O8121-924	0	0	3-OCTEN-1-01	12352000	KGM	KGS.	0.000	0.000	0.00	117.30	0.00	0.500	1.000	01	4	0.00	0.00	0.000	0.000	0.000	0.000	0.000	01	01	0.000	0	0.00								
01	F2600-321	0	0			KGM	KGS.	0.000	0.000	0.00	0.00	0.00	0.000	0.000	01	4	0.00	0.00	0.000	0.000	0.000	0.000	0.000			0.000	0	0.00								
01	A7211-391	0	0	AMBRETTOLIDE	12352000	KGM	KGS.	0.000	0.000	0.00	230.00	0.00	0.500	1.000	01	4	0.00	0.00	0.000	0.000	0.000	0.000	0.000	01	01	0.000	0	0.00								
01	A7351-200	0	0	ALCOHOL ISO BUTILICO	12352000	KGM	KGS.	0.000	0.000	0.00	1.46	0.00	1.000	5.000	01	4	0.00	0.00	0.000	0.000	0.000	0.000	0.000	01	01	0.000	0	0.00								
01	D2607-302	0	0	DIHIDRO AMBRETTA	12352000	KGM	KGS.	0.000	0.000	0.00	87.64	0.00	0.000	0.000	01	4	0.00	0.00	0.000	0.000	0.000	0.000	0.000	01	01	0.000	0	0.00								
01	P0132-791	0	0	1 PENTEN 3 OL  CODIGO A.11164	12352000	KGM	KGS.	0.000	0.000	0.00	835.70	0.00	0.000	0.000	01	4	0.00	0.00	0.000	0.000	0.000	0.000	0.000	01	01	0.000	0	0.00								
20	C7777-30	0	0	COCO P/VELADORA NUEVA FORMULA	12352000	KGM	KGS.	0.000	0.000	0.00	74.12	37.06	1.000	5.000	20	4	0.00	0.00	0.000	0.000	0.000	0.000	0.000	01	01	0.000	0	0.00								
20	R6090	0	0	ROSA CONCENTRADA PARA VELADORAS	12352000	KGM	KGS.	0.000	0.000	0.00	21.86	10.93	1.000	5.000	20	4	0.00	0.00	0.000	0.000	0.000	0.000	0.000	01	20	0.000	0	0.00								
20	C0239-701	0	0	CANELA PARA VELADORA	12352000	KGM	KGS.	0.000	0.000	0.00	46.06	23.03	1.000	5.000	20	4	0.00	0.00	0.000	0.000	0.000	0.000	0.000	01	20	0.000	0	0.00								
20	F5194	0	0	FLORAL PARA VELADORAS	12352000	KGM	KGS.	0.000	0.000	0.00	100.00	50.00	1.000	5.000	20	4	0.00	0.00	0.000	0.000	0.000	0.000	0.000	01	20	0.000	0	0.00								
01	K3179-302	0	0	KARANAL (QST)	12352000	KGM	KGS.	0.000	0.000	0.00	197.00	0.00	0.000	0.000	01	4	0.00	0.00	0.000	0.000	0.000	0.000	0.000	01	01	0.000	0	0.00								
01	C2692-391	0	0	CERVOLIDE (QST)	12352000	KGM	KGS.	0.000	0.000	0.00	125.00	0.00	0.000	0.000	01	4	0.00	0.00	0.000	0.000	0.000	0.000	0.000	01	01	0.000	0	0.00								
01	M1231-792	0	0	MEFRANAL	12352000	KGM	KGS.	0.000	0.000	0.00	140.00	0.00	0.000	0.000	01	4	0.00	0.00	0.000	0.000	0.000	0.000	0.000	01	01	0.000	0	0.00								
50	E0300-301	0	0	ENVASE DE 1 LT. PORRON PLASTICO	12352000	KGM	KGS.	0.000	40.000	0.00	0.71	0.00	1.000	200.000	50	4	0.00	28.40	0.000	0.000	0.000	0.000	0.000	50	50	0.000	0	0.00								
20	M6907-309	0	0	MENTA HIDROSOLUBLE (SABOR MENTA YERBABUE	12352000	KGM	KGS.	0.000	0.000	0.00	8.94	4.47	1.000	5.000	20	4	0.00	0.00	0.000	0.000	0.000	0.000	0.000	01	01	0.000	0	0.00								
01	A0949-701	0	0	AC.ESC. ARBOL DEL THE	12352000	KGM	KGS.	2.240	16.500	0.00	38.00	0.00	1.000	5.000	01	4	94.08	1867.04	-392.540	0.000	0.000	30.000	0.000	01	F1	0.000	0	0.00								
01	L4291-109	0	0	LIMON PERSA AC. ESC.	12352000	KGM	KGS.	5.270	5.270	0.00	10.38	5.19	0.000	0.000	01	4	54.70	54.70	-310.000	0.000	0.000	0.000	0.000	01	01	0.000	0	0.00								
20	M0491-207	0	0	MANDARINA FRAGANCIA TIPO AG	12352000	KGM	KGS.	0.000	0.000	0.00	25.40	12.70	1.000	5.000	20	4	0.00	0.00	0.000	0.000	0.000	0.000	0.000	01	20	0.000	0	0.00								
01	S3107-312	0	0	SKATOLE	12352000	KGM	KGS.	0.000	0.000	0.00	926.40	0.00	0.000	0.000	01	4	0.00	0.00	0.000	0.000	0.000	0.000	0.000	01	01	0.000	0	0.00								
01	G4007-142	0	0	GERANYL ISO VALERATE	12352000	KGM	KGS.	0.000	0.000	0.00	75.90	0.00	0.000	0.000	01	4	0.00	0.00	0.000	0.000	0.000	0.000	0.000	01	01	0.000	0	0.00								
01	I7091-721	0	0	ISO BUTYL FORMATE	12352000	KGM	KGS.	0.000	0.000	0.00	137.30	0.00	0.000	0.000	01	4	0.00	0.00	0.000	0.000	0.000	0.000	0.000	01	01	0.000	0	0.00								
01	A0891-192	0	0	2 METIL 3 FURY	12352000	KGM	KGS.	0.000	0.000	0.00	434.80	0.00	0.000	0.000	01	4	0.00	0.00	0.000	0.000	0.000	0.000	0.000	01	01	0.000	0	0.00								
01	E0410-172	0	0	3 HEPTANONE	12352000	KGM	KGS.	0.000	0.000	0.00	106.50	0.00	0.000	0.000	01	4	0.00	0.00	0.000	0.000	0.000	0.000	0.000	01	01	0.000	0	0.00								
01	M1921-490	0	0	5 METHYL FURFURAL	12352000	KGM	KGS.	0.000	0.000	0.00	174.70	0.00	0.000	0.000	01	4	0.00	0.00	0.000	0.000	0.000	0.000	0.000	01	01	0.000	0	0.00								
01	D4307-192	0	0	DIETHYL SUCINATE	12352000	KGM	KGS.	0.000	0.000	0.00	42.90	0.00	0.000	0.000	01	4	0.00	0.00	0.000	0.000	0.000	0.000	0.000	01	01	0.000	0	0.00								
01	M3172-801	0	0	METIL MERCAPTANO	12352000	KGM	KGS.	0.000	0.000	0.00	587.30	0.00	0.000	0.000	01	4	0.00	0.00	0.000	0.000	0.000	0.000	0.000	01	01	0.000	0	0.00								
20	A6707	0	0	ANGEL FACE TIPO AG 022	12352000	KGM	KGS.	0.000	0.000	0.00	41.98	20.99	1.000	5.000	20	4	0.00	0.00	0.000	0.000	0.000	0.000	0.000	20	20	0.000	0	0.00								
01	M12194-019	0	0	MEJORANA AC.ESC. (MARJORAM)	12352000	KGM	KGS.	0.000	0.000	0.00	108.80	0.00	0.000	1.000	01	4	0.00	0.00	0.000	0.000	0.000	0.000	0.000	01	01	0.000	0	0.00								
01	A7592-399	0	0	ALMENDRAS DULCES AC.ESC.	12352000	KGM	KGS	2.000	2.000	0.00	5.50	0.00	2.000	5.000	01	4	11.00	11.00	0.000	0.000	0.000	0.000	0.000	01	01	0.000	0	0.00								
01	C3129-291	0	0	COÑAC GREEN NATURAL AC. ESC.	12352000	KGM	KGS.	0.000	0.000	0.00	739.44	0.00	1.000	1.250	01	4	0.00	1469.88	0.000	0.000	0.000	0.000	0.000	01	01	0.000	0	0.00								
01	P6207-912	0	0	PINO SIBERIANO AC. ESC.	12352000	KGM	KGS.	0.000	0.000	0.00	11.56	0.00	2.000	3.000	01	4	0.00	34.68	-56.000	0.000	0.000	0.000	0.000	01	01	0.000	0	0.00								
01	P1709-412	0	0	P-CRESYL CAPRYLATE	12352000	KGM	KGS.	0.000	0.000	0.00	93.50	0.00	0.500	1.000	01	4	0.00	0.00	0.000	0.000	0.000	0.000	0.000	01	01	0.000	0	0.00								
01	C2709-742	0	0	CIS JASMONE	12352000	KGM	KGS.	0.000	0.000	0.00	342.70	0.00	0.000	0.000	01	4	0.00	0.00	0.000	0.000	0.000	0.000	0.000	01	1	0.000	0	0.00								
01	T2974-2	0	0	THIOXANE BASE	12352000	KGM	KGS.	0.000	0.000	0.00	103.00	0.00	0.000	0.000	01	4	0.00	0.00	0.000	0.000	0.000	0.000	0.000	01	01	0.000	0	0.00								
01	P5092-7	0	0	POLISANTOL	12352000	KGM	KGS.	0.000	0.000	0.00	203.94	0.00	0.000	0.000	01	4	0.00	0.00	0.000	0.000	0.000	0.000	0.000	01	01	0.000	0	0.00								
40	03-35-01	0	0	CANELA 55036/A MODIFICADA	12352000	KGM	KGS.	0.000	0.000	0.00	40.08	20.04	1.000	10.000	40	4	0.00	0.00	0.000	0.000	0.000	0.000	0.000	01	01	0.000	0	0.00								
01	A0801-200	0	0	2 METHOXY -3- METHYL PIRAZINA	12352000	KGM	KGS.	0.000	0.000	0.00	890.00	0.00	0.000	0.000	01	4	0.00	0.00	0.000	0.000	0.000	0.000	0.000	01	01	0.000	0	0.00								
01	S2504-941	0	0	SIEMPRE VIVA	12352000	KGM	KGS.	0.000	0.000	0.00	650.40	0.00	0.000	0.000	01	4	0.00	0.00	0.000	0.000	0.000	0.000	0.000	01	01	0.000	0	0.00								
01	F8090-209	0	0	NOOT KETONE	12352000	KGM	KGS.	0.000	0.000	0.00	3272.50	0.00	0.000	0.500	01	4	0.00	0.00	0.000	0.000	0.000	0.000	0.000	01	01	0.000	0	0.00								
01	F2703-102	0	0	FORMIATO DE HEXILO	12352000	KGM	KGS.	0.000	0.000	0.00	27.10	0.00	0.000	0.000	01	4	0.00	0.00	0.000	0.000	0.000	0.000	0.000	01	01	0.000	0	0.00								
01	T2802-129	0	0	"TRIMETHYL TRHIZOLE 2,4,5,"	12352000	KGM	KGS.	0.000	0.000	0.00	1008.00	0.00	0.000	0.000	01	4	0.00	0.00	0.000	0.000	0.000	0.000	0.000	01	01	0.000	0	0.00								
01	E4001-749	0	0	ESTRAGON OIL	12352000	KGM	KGS.	0.000	0.000	0.00	251.85	0.00	0.000	0.000	01	4	0.00	0.00	0.000	0.000	0.000	0.000	0.000	01	01	0.000	0	0.00								
01	M0431-310	0	0	MAGNOLIANE	12352000	KGM	KGS.	0.000	0.000	0.00	287.50	0.00	0.000	0.000	01	4	0.00	0.00	0.000	0.000	0.000	0.000	0.000	01	01	0.000	0	0.00								
01	I3609-729	0	0	ISO BORNYL CYCLO HEXANOL	12352000	KGM	KGS.	0.000	0.000	0.00	12.50	0.00	0.000	0.000	01	4	0.00	0.00	0.000	0.000	0.000	0.000	0.000	01	01	0.000	0	0.00								
01	C3109-491	0	0	CIS 3 HEXENYL TIGLATE	12352000	KGM	KGS.	0.000	0.000	0.00	258.75	0.00	0.000	0.000	01	4	0.00	0.00	0.000	0.000	0.000	0.000	0.000	01	01	0.000	0	0.00								
01	I3709-401	0	0	ISO BUTYL ISO VALERATE	12352000	KGM	KGS.	0.000	0.000	0.00	19.40	0.00	2.000	5.000	01	4	0.00	0.00	0.000	0.000	0.000	0.000	0.000	01	01	0.000	0	0.00								
40	07-142	0	0	GERANIUM BOURBON CR 610 AC.ESC.	12352000	KGM	KGS.	0.000	0.000	0.00	150.98	75.49	1.000	5.000	40	4	0.00	0.00	0.000	0.000	0.000	0.000	0.000	01	01	0.000	0	0.00								
01	C0349-309	0	0	CARVACROL	12352000	KGM	KGS.	0.000	0.000	0.00	82.60	0.00	0.000	0.000	01	4	0.00	0.00	0.000	0.000	0.000	0.000	0.000	09	01	0.000	0	0.00								
20	L4207-192	0	0	LIMPIA AURA FRAGANCIA TIPO AG	12352000	KGM	KGS.	0.000	0.000	0.00	88.66	44.33	1.000	5.000	20	4	0.00	0.00	0.000	0.000	0.000	0.000	0.000	01	01	0.000	0	0.00								
20	M6511-142	0	0	HIEBABUENA AROMA P/GEL MACOUZET	12352000	KGM	KGS.	0.000	0.000	0.00	11.42	5.71	1.000	5.000	20	4	0.00	0.00	0.000	0.000	0.000	0.000	0.000	01	01	0.000	0	0.00								
01	B5000-1	0	0	BENZILIDEN ACETONA	12352000	KGM	KGS.	0.000	0.000	0.00	26.90	0.00	1.000	5.000	01	4	0.00	0.00	0.000	0.000	0.000	0.000	0.000	01	01	0.000	0	0.00								
01	E7000-100	0	0	ETILO ISO BUTIRATO	12352000	KGM	KGS.	0.000	0.000	0.00	8.50	0.00	0.000	0.000	01	4	0.00	0.00	0.000	0.000	0.000	0.000	0.000	01	01	0.000	0	0.00								
01	T2120-929	0	0	TAMARINE BASE 41310G	12352000	KGM	KGS.	0.000	0.000	0.00	175.00	0.00	0.000	0.000	01	4	0.00	0.00	0.000	0.000	0.000	0.000	0.000	01	01	0.000	0	0.00								
01	G1609-342	0	0	GALBANOLENE 944252	12352000	KGM	KGS.	0.000	0.000	0.00	222.00	0.00	0.000	0.000	01	4	0.00	0.00	0.000	0.000	0.000	0.000	0.000	01	01	0.000	0	0.00								
01	T6502-142	0	0	TRANS 2 TRANS 4 DODECADIENAL	12352000	KGM	KGS.	0.000	0.000	0.00	480.00	0.00	0.000	0.000	01	4	0.00	0.00	0.000	0.000	0.000	0.000	0.000	01	01	0.000	0	0.00								
20	C9710-129	0	0	COCO CONCENTRADO PARA AROMA	12352000	KGM	KGS.	0.000	0.000	0.00	32.24	16.12	1.000	20.000	20	4	0.00	0.00	0.000	0.000	0.000	0.000	0.000	20	20	0.000	0	0.00								
01	C6800-912	0	0	CITROASIS BASE	12352000	KGM	KGS.	0.000	0.000	0.00	89.00	0.00	0.000	0.000	01	4	0.00	0.00	0.000	0.000	0.000	0.000	0.000	01	01	0.000	0	0.00								
01	C6201-1	0	0	CITRAL 90/10	12352000	KGM	KGS.	0.000	0.000	0.00	20.36	10.18	0.000	0.000	01	4	0.00	0.00	0.000	0.000	0.000	0.000	0.000	01	01	0.000	0	0.00								
01	M4300-1	0	0	MIRRA AC.ESC.	12352000	KGM	KGS.	0.000	0.000	0.00	90.46	45.23	0.000	0.000	01	4	0.00	0.00	0.000	0.000	0.000	0.000	0.000	01	01	0.000	0	0.00								
01	C0345-109	0	0	CARIOFILENO RESIDUOS	12352000	KGM	KGS.	0.000	0.000	0.00	0.00	0.00	0.000	0.000	01	4	0.00	0.00	0.000	0.000	0.000	0.000	0.000	01	01	0.000	0	0.00								
01	C6200-010	0	0	CITRAL FORMULADO	12352000	KGM	KGS.	0.000	0.000	0.00	0.00	0.00	0.000	0.000	01	4	0.00	0.00	0.000	0.000	0.000	0.000	0.000	01	01	0.000	0	0.00								
01	A5600-100	0	0	ALDEHIDO C 18 C/LIGEROS	12352000	KGM	KGS.	0.000	0.000	0.00	21.08	10.54	0.000	0.000	01	4	0.00	0.00	0.000	0.000	0.000	0.000	0.000	01	01	0.000	0	0.00								
01	C7000-100	0	0	CITRONELA JAVA AC.ESC. C/RES	12352000	KGM	KGS.	0.000	0.000	0.00	27.38	13.69	0.000	0.000	01	4	0.00	0.00	0.000	0.000	0.000	0.000	0.000	01	01	0.000	0	0.00								
01	C8250-101	0	0	CITRONELAL RESIDUOS	12352000	KGM	KGS.	0.000	0.000	0.00	0.00	0.00	0.000	0.000	01	4	0.00	0.00	0.000	0.000	0.000	0.000	0.000	01	01	0.000	0	0.00								
01	S2000-100	0	0	SANDELA FORMULA	12352000	KGM	KGS.	0.000	0.000	0.00	38.20	19.10	0.000	0.000	01	4	0.00	0.00	0.000	0.000	0.000	0.000	0.000	01	01	0.000	0	0.00								
20	S7000-190	0	0	DAUNY TIPO AG 01	12352000	KGM	KGS.	0.000	0.000	0.00	29.06	14.53	1.000	5.000	20	4	0.00	0.00	0.000	0.000	0.000	0.000	0.000	20	01	0.000	0	0.00								
01	E1100-191	0	0	ELEMI RESINOIDE FORMULA	12352000	KGM	KGS.	0.000	0.000	0.00	31.46	15.73	0.000	0.000	01	4	0.00	0.00	0.000	0.000	0.000	0.000	0.000	01	01	0.000	0	0.00								
01	M5153	0	0	MUSGO ENCINO RES. C/HERCOLIN	12352000	KGM	KGS.	0.000	0.000	0.00	174.22	87.11	0.000	0.000	01	4	0.00	0.00	0.000	0.000	0.000	0.000	0.000	01	01	0.000	0	0.00								
01	M0491-208	0	0	MANDARINA CON TERPENOS	12352000	KGM	KGS.	0.000	0.000	0.00	34.10	17.05	0.000	0.000	01	4	0.00	0.00	0.000	0.000	0.000	0.000	0.000	01	01	0.000	0	0.00								
01	B8003	0	0	BEJOIM RESINOIDE C/HERCOLIN	12352000	KGM	KGS.	0.000	0.000	0.00	180.70	90.35	0.000	0.000	01	4	0.00	833.50	-5.000	0.000	0.000	0.000	0.000	01	01	0.000	0	0.00								
01	M4300-129	0	0	MIRRA RESINOIDE C/HERCOLIN	12352000	KGM	KGS.	0.000	0.000	0.00	100.74	50.37	0.000	0.000	01	4	0.00	0.00	0.000	0.000	0.000	0.000	0.000	01	01	0.000	0	0.00								
01	K0541-329	0	0	KEPHALIS	12352000	KGM	KGS.	0.000	0.000	0.00	112.50	0.00	0.000	0.000	01	4	0.00	0.00	0.000	0.000	0.000	0.000	0.000	01	01	0.000	0	0.00								
01	C6200-191	0	0	CITRAL NATURAL	12352000	KGM	KGS.	0.000	0.000	0.00	24.47	0.00	0.000	0.000	01	4	0.00	0.00	0.000	0.000	0.000	0.000	0.000	01	01	0.000	0	0.00								
20	Y6201-129	0	0	TORONJA FRAGANCIA	12352000	KGM	KGS.	0.000	0.000	0.00	0.00	0.00	1.000	5.000	20	4	0.00	0.00	-5.000	0.000	0.000	0.000	0.000	01	01	0.000	0	0.00								
01	F8090-219	0	0	NOOT KETONE 10% DPG	12352000	KGM	KGS.	0.000	0.000	0.00	0.00	0.00	0.000	0.000	01	4	0.00	0.00	0.000	0.000	0.000	0.000	0.000	01	01	0.000	0	0.00								
20	T6201-129	0	0	TORONJA FRAGANCIA	12352000	KGM	KGS.	0.000	0.000	0.00	16.80	8.40	1.000	5.000	20	4	0.00	0.00	0.000	0.000	0.000	0.000	0.000	01	01	0.000	0	0.00								
01	H6511	0	0	HIERBABUENA AC.ESC. C/TERPENOS	12352000	KGM	KGS.	0.000	0.000	0.00	10.46	5.23	0.000	0.000	01	4	0.00	0.00	0.000	0.000	0.000	0.000	0.000	01	01	0.000	0	0.00								
01	F2307-129	0	0	FENOL RA	12352000	KGM	KGS.	0.000	0.000	0.00	14.90	0.00	0.000	1.000	01	4	0.00	0.00	0.000	0.000	0.000	0.000	0.000	01	01	0.000	0	0.00								
01	P5107-321	0	0	PHENYHEXANOL	12352000	KGM	KGS.	0.000	0.000	0.00	94.00	0.00	0.000	0.000	01	4	0.00	0.00	0.000	0.000	0.000	0.000	0.000	01	01	0.000	0	0.00								
01	P1706-172	0	0	P-METOXY PHENYL BUTANONA(ANISIL ACETONA)	12352000	KGM	KGS.	0.000	0.000	0.00	67.50	0.00	0.500	1.000	01	4	0.00	0.00	0.000	0.000	0.000	0.000	0.000		01	0.000	0	0.00								
01	I3101-429	0	0	IRALIA	12352000	KGM	KGS.	0.000	0.000	0.00	89.00	0.00	0.000	0.000	01	4	0.00	0.00	0.000	0.000	0.000	0.000	0.000	01	01	0.000	0	0.00								
01	A0941-729	0	0	2 ACETIL PIRAZINA	12352000	KGM	KGS.	0.000	0.000	0.00	365.00	0.00	0.000	0.500	01	4	0.00	361.55	-947.000	0.000	0.000	0.000	0.000	01	01	0.000	0	0.00								
01	T2300	0	0	TETRAHIDROMUGUOL	12352000	KGM	KGS.	0.000	0.000	0.00	17.11	0.00	1.000	5.000	01	4	0.00	0.00	0.000	0.000	0.000	0.000	0.000	01	01	0.000	0	0.00								
01	C7776	0	0	COCO AC.ESC.	12352000	KGM	KGS.	0.000	0.000	0.00	3.22	0.00	3.000	6.000	01	4	0.00	0.00	0.000	0.000	0.000	0.000	0.000	01	01	0.000	0	0.00								
01	F5209-320	0	0	FLORALOZONE	12352000	KGM	KGS.	0.000	0.000	0.00	42.55	0.00	1.000	5.000	01	4	0.00	0.00	0.000	0.000	0.000	0.000	0.000	01	01	0.000	0	0.00								
01	N6219-321	0	0	NONADIENOL 2-6	12352000	KGM	KGS.	0.000	0.000	0.00	2010.50	0.00	0.000	0.000	01	4	0.00	0.00	0.000	0.000	0.000	0.000	0.000	01	01	0.000	0	0.00								
01	F5209-420	0	0	FLOREX	12352000	KGM	KGS.	0.000	0.000	0.00	216.95	0.00	1.000	5.000	01	4	0.00	0.00	0.000	0.000	0.000	0.000	0.000	01	01	0.000	0	0.00								
01	E1101-100	0	0	ELEMI AC.ESC.	12352000	KGM	KGS.	0.000	0.000	0.00	80.00	0.00	0.000	1.000	01	4	0.00	0.00	0.000	0.000	0.000	0.000	0.000	01	01	0.000	0	0.00								
01	H0800	0	0	HIDROXICITRONELAL TERPENOS	12352000	KGM	KGS.	0.000	0.000	0.00	10.00	0.00	0.000	0.000	01	4	0.00	0.00	0.000	0.000	0.000	0.000	0.000	01	01	0.000	0	0.00								
01	M12914-019	0	0	AC.ESC. MEJORANA	12352000	KGM	KGS.	0.000	0.000	175890.00	175890.00	0.00	0.000	0.000	01	2	0.00	0.00	0.000	0.000	0.000	0.000	0.000			0.000	0	0.00								
01	C3100-10	0	0	CIS 3 HEXENIL ISO BUTIRATO	12352000	KGM	KGS.	0.000	0.000	0.00	76.00	0.00	0.000	1.000	01	4	0.00	0.00	0.000	0.000	0.000	0.000	0.000	01	01	0.000	0	0.00								
01	C4700-10	0	0	CINAMATO DE FENIL ETILO	12352000	KGM	KGS.	0.000	0.000	0.00	41.15	0.00	0.000	1.000	01	4	0.00	0.00	0.000	0.000	0.000	0.000	0.000	01	01	0.000	0	0.00								
01	V7500-10	0	0	VETIVER TERPENOS	12352000	KGM	KGS.	0.000	0.000	0.00	31.25	0.00	1.000	5.000	01	4	0.00	0.00	0.000	0.000	0.000	0.000	0.000	01	01	0.000	0	0.00								
01	A0146-964	0	0	ACETATO DE BORNILO	12352000	KGM	KGS.	0.000	0.000	0.00	28.00	0.00	1.000	5.000	01	4	0.00	0.00	0.000	0.000	0.000	0.000	0.000	01	01	0.000	0	0.00								
01	A0010-001	0	0	ABSOLUTO ROSA MARRUECOS	12352000	KGM	KGS.	0.000	0.000	0.00	1992.00	0.00	1.000	2.000	01	4	0.00	0.00	0.000	0.000	0.000	0.000	0.000	01	01	0.000	0	0.00								
01	D4200-100	0	0	DIMETIL OCTANOL ACETATO	12352000	KGM	KGS.	0.000	0.000	0.00	32.00	0.00	1.000	100.000	01	4	0.00	0.00	0.000	0.000	0.000	0.000	0.000	01	01	0.000	0	0.00								
01	T1500-100	0	0	TERPINEOL SUPREMO	12352000	KGM	KGS.	0.000	0.000	0.00	4.30	0.00	180.000	600.000	01	4	0.00	0.00	0.000	0.000	0.000	0.000	0.000	01	01	0.000	0	0.00								
1	8	0	0	FORMULA 8	12352000	KGM	KGS.	0.000	0.000	0.00	16.22	8.11	0.000	0.000	1	4	0.00	0.00	0.000	0.000	0.000	0.000	0.000	00	01	0.000	0	0.00								
1	6	0	0	FORMULA 6	12352000	KGM	KGS.	0.000	0.000	0.00	95.08	47.54	0.000	0.000	1	4	0.00	0.00	0.000	0.000	0.000	0.000	0.000			0.000	0	0.00								
01	T1009-794	0	0	TERPENOS DE DIHIDROMIRCENOL	12352000	KGM	KGS.	548.000	547.950	0.00	8.10	0.00	10.000	180.000	01	4	4438.80	4438.40	0.000	0.000	0.000	0.000	0.000	01	01	0.000	0	0.00								
01	A8071-704	0	0	ANHIDRIDO ACETICO	12352000	KGM	KGS.	0.000	0.000	0.00	2.07	0.00	0.000	2000.000	01	4	0.00	0.00	0.000	0.000	0.000	0.000	0.000	01	01	0.000	0	0.00								
01	V4600-100	0	0	VALERICO ACIDO ISO	12352000	KGM	KGS.	0.000	0.000	0.00	16.40	0.00	5.000	10.000	01	4	0.00	0.00	-1520.000	0.000	0.000	0.000	0.000	01	01	0.000	0	0.00								
20	M6900-10	0	0	MENTA AROMA	12352000	KGM	KGS.	0.000	0.000	0.00	17.42	8.71	1.000	5.000	20	4	0.00	0.00	0.000	0.000	0.000	0.000	0.000	01	20	0.000	0	0.00								
01	L8600-100	0	0	LITZEA CUBEBA TERPENOS	12352000	KGM	KGS.	0.000	0.000	0.00	11.19	0.00	50.000	180.000	01	4	0.00	0.00	0.000	0.000	0.000	0.000	0.000	01	01	0.000	0	0.00								
01	S1500-7	0	0	SANDALO BLANCO	12352000	KGM	KGS.	0.000	0.000	0.00	39.84	19.92	1.000	5.000	01	4	0.00	0.00	0.000	0.000	0.000	0.000	0.000	01	01	0.000	0	0.00								
01	C2405	0	0	CEDRO CHINO AC.ESC.	12352000	KGM	KGS.	0.000	0.000	0.00	12.89	0.00	1.000	50.000	01	4	0.00	0.00	0.000	0.000	0.000	0.000	0.000	01	01	0.000	0	0.00								
01	D1742	0	0	DIETILENGLICOL	12352000	KGM	KGS.	0.000	0.000	0.00	0.64	0.00	50.000	210.000	01	4	0.00	0.00	0.000	0.000	0.000	0.000	0.000	01	01	0.000	0	0.00								
01	O1509	0	0	OLEORRESINA PAPRIKA 100 000 U	12352000	KGM	KGS	0.000	0.000	0.00	29.80	0.00	1.000	2.000	01	4	0.00	0.00	0.000	0.000	0.000	0.000	0.000	01	01	0.000	0	0.00								
01	O1509-1	0	0	OLEORESINA AL 10%	12352000	KGM	KGS	0.000	0.000	0.00	14.24	7.12	1.000	2.000	01	4	0.00	0.00	0.000	0.000	0.000	0.000	0.000	01	01	0.000	0	0.00								
40	04-101-05	0	0	SULFURO DE DIMETILO AL 50% PPG	12352000	KGM	KGS	0.000	0.000	0.00	0.00	0.00	1.000	3.000	40	4	0.00	0.00	0.000	0.000	0.000	0.000	0.000	01	01	0.000	0	0.00								
01	L4101-250	0	0	LIMON CALIFORNIA TERPENOS	12352000	KGM	KGS	2.920	2.760	0.00	10.14	5.07	0.000	0.000	01	4	29.61	27.99	0.000	0.000	0.000	0.000	0.000			0.000	0	0.00								
01	L4291-1090	0	0	LIMON PERSA A.E. FORMULA	12352000	KGM	KGS	0.000	0.000	0.00	14.54	7.27	5.000	25.000	01	0	0.00	0.00	0.000	0.000	0.000	0.000	0.000	01	01	2.000	1	0.00								
01	L4208	0	0	LIMA LIMON A.E. GAMA	12352000	KGM	KGS	0.000	0.000	0.00	21.34	10.67	20.000	50.000	01	4	0.00	0.00	0.000	0.000	0.000	0.000	0.000		01	0.000	0	0.00								
01	E7410-1	0	0	ETILO CAPRATO	12352000	KGM	KGS	0.000	0.000	0.00	11.30	0.00	1.000	5.000	01	4	0.00	0.00	0.000	0.000	0.000	0.000	0.000	01	01	0.000	0	0.00								
21	A5101	0	0	ALDEHIDO C 12 MNA 1% DPG	12352000	KGM	KGS	0.000	0.000	0.00	31.74	15.87	1.000	5.000	21	4	0.00	0.00	0.000	0.000	0.000	0.000	0.000		01	0.000	0	0.00								
21	O8500-1	0	0	OXIPHENILONE 10% DPG	12352000	KGM	KGS	0.000	0.000	0.00	35.90	17.95	0.000	5.000	21	4	0.00	0.00	0.000	0.000	0.000	0.000	0.000		01	0.000	0	0.00								
21	A7531-421	0	0	ALDEHIDO INTERLEVEN 10% DPG	12352000	KGM	KGS	0.000	0.000	0.00	1030.42	515.21	0.000	5.000	21	4	0.00	0.00	0.000	0.000	0.000	0.000	0.000		01	0.000	0	0.00								
21	A5051	0	0	ALDEHIDO C 12 L 10% DPG	12352000	KGM	KGS	0.000	0.000	0.00	0.00	0.00	0.000	5.000	21	4	0.00	0.00	0.000	0.000	0.000	0.000	0.000	01	01	0.000	0	0.00								
21	A5350	0	0	ALDEHIDO C 14 10% DPG	12352000	KGM	KGS	0.000	0.000	0.00	0.00	0.00	0.000	5.000	21	4	0.00	0.00	0.000	0.000	0.000	0.000	0.000		01	0.000	0	0.00								
40	09-14	0	0	ISO BUTIL QUINOLEINA 10% DDP	12352000	KGM	KGS	0.000	0.000	0.00	1077.22	538.61	0.000	5.000	40	4	0.00	0.00	0.000	0.000	0.000	0.000	0.000		01	0.000	0	0.00								
21	E5050	0	0	ETIL VAINILLINA 10% DPG	12352000	KGM	KGS	0.000	0.000	0.00	6.40	3.20	0.000	5.000		4	0.00	0.00	0.000	0.000	0.000	0.000	0.000		01	0.000	0	0.00								
01		0	0		25101503	LTR	H87	1.000	1.000	0.00	0.00	0.00	0.000	0.000	01	4	0.00	0.00	-1331.000	0.000	0.000	-49.000	0.000			0.000	0	0.00	68952-43-2	-				S	F	F
00	CDFI-ANT	0	0	ANTICIPO BIEN O SERVICIO	84111506	KGM	KGM	0.000	0.000	0.00	0.00	0.00	0.000	0.000		1	0.00	0.00	-1.000	0.000	0.000	0.000	0.000	01	01	0.000	0	0.00								
